,antecedents,consequents,support,confidence,lift
137,"sub_grade_B2, int_rate_bin_Low (8-12%)",grade_B,0.056,1.0,3.407
132,"int_rate_bin_Low (8-12%), sub_grade_B1",grade_B,0.055,1.0,3.407
144,"sub_grade_B3, int_rate_bin_Low (8-12%)",grade_B,0.054,1.0,3.407
150,"sub_grade_B4, int_rate_bin_Low (8-12%)",grade_B,0.053,1.0,3.407
11,sub_grade_B4,grade_B,0.062,1.0,3.407
227,"int_rate_bin_Medium (12-16%), sub_grade_C1",grade_C,0.057,1.0,3.478
19,sub_grade_C2,grade_C,0.058,1.0,3.478
24,sub_grade_C5,grade_C,0.052,1.0,3.478
6,sub_grade_B2,grade_B,0.056,1.0,3.407
234,"int_rate_bin_Medium (12-16%), sub_grade_C2",grade_C,0.058,1.0,3.478
17,sub_grade_C1,grade_C,0.065,1.0,3.478
21,sub_grade_C3,grade_C,0.057,1.0,3.478
9,sub_grade_B3,grade_B,0.058,1.0,3.407
13,sub_grade_B5,grade_B,0.062,1.0,3.407
5,sub_grade_B1,grade_B,0.055,1.0,3.407
240,"int_rate_bin_Medium (12-16%), sub_grade_C3",grade_C,0.057,1.0,3.478
23,sub_grade_C4,grade_C,0.056,1.0,3.478
1103,"last_fico_range_low_bin_High, term_ 36 months, fico_range_low_bin_High, int_rate_bin_Very Low (<8%)",grade_A,0.081,1.0,5.22
1078,"term_ 36 months, fico_range_low_bin_High, home_ownership_MORTGAGE, int_rate_bin_Very Low (<8%)",grade_A,0.064,1.0,5.22
1055,"last_fico_range_low_bin_High, term_ 36 months, home_ownership_MORTGAGE, int_rate_bin_Very Low (<8%)",grade_A,0.058,1.0,5.22
31,sub_grade_B1,int_rate_bin_Low (8-12%),0.055,1.0,3.4
135,sub_grade_B1,"grade_B, int_rate_bin_Low (8-12%)",0.055,1.0,3.797
131,"grade_B, sub_grade_B1",int_rate_bin_Low (8-12%),0.055,1.0,3.4
425,"term_ 36 months, fico_range_low_bin_High, int_rate_bin_Very Low (<8%)",grade_A,0.111,1.0,5.22
1032,"term_ 36 months, fico_range_low_bin_High, loan_status_Fully Paid, int_rate_bin_Very Low (<8%)",grade_A,0.058,1.0,5.22
1155,"last_fico_range_low_bin_High, fico_range_low_bin_High, home_ownership_MORTGAGE, int_rate_bin_Very Low (<8%)",grade_A,0.051,1.0,5.22
136,"sub_grade_B2, grade_B",int_rate_bin_Low (8-12%),0.056,1.0,3.4
32,sub_grade_B2,int_rate_bin_Low (8-12%),0.056,1.0,3.4
139,sub_grade_B2,"grade_B, int_rate_bin_Low (8-12%)",0.056,1.0,3.796
605,"last_fico_range_low_bin_High, fico_range_low_bin_High, int_rate_bin_Very Low (<8%)",grade_A,0.087,1.0,5.219
415,"last_fico_range_low_bin_High, term_ 36 months, int_rate_bin_Very Low (<8%)",grade_A,0.101,1.0,5.219
1011,"last_fico_range_low_bin_High, term_ 36 months, loan_status_Fully Paid, int_rate_bin_Very Low (<8%)",grade_A,0.055,1.0,5.219
571,"fico_range_low_bin_High, loan_status_Fully Paid, int_rate_bin_Very Low (<8%)",grade_A,0.06,1.0,5.218
593,"fico_range_low_bin_High, home_ownership_MORTGAGE, int_rate_bin_Very Low (<8%)",grade_A,0.069,1.0,5.218
583,"last_fico_range_low_bin_High, home_ownership_MORTGAGE, int_rate_bin_Very Low (<8%)",grade_A,0.062,1.0,5.218
522,"fico_range_low_bin_High, dti_bin_Low (10-20), int_rate_bin_Very Low (<8%)",grade_A,0.053,1.0,5.218
85,"fico_range_low_bin_High, int_rate_bin_Very Low (<8%)",grade_A,0.118,0.999,5.218
533,"last_fico_range_low_bin_High, loan_status_Current, int_rate_bin_Very Low (<8%)",grade_A,0.05,0.999,5.218
543,"fico_range_low_bin_High, loan_status_Current, int_rate_bin_Very Low (<8%)",grade_A,0.055,0.999,5.218
81,"last_fico_range_low_bin_High, int_rate_bin_Very Low (<8%)",grade_A,0.108,0.999,5.217
399,"term_ 36 months, home_ownership_MORTGAGE, int_rate_bin_Very Low (<8%)",grade_A,0.089,0.999,5.217
453,"installment_bin_High, term_ 36 months, int_rate_bin_Very Low (<8%)",grade_A,0.05,0.999,5.217
563,"last_fico_range_low_bin_High, loan_status_Fully Paid, int_rate_bin_Very Low (<8%)",grade_A,0.057,0.999,5.217
383,"term_ 36 months, loan_status_Current, int_rate_bin_Very Low (<8%)",grade_A,0.07,0.999,5.217
375,"term_ 36 months, dti_bin_Low (10-20), int_rate_bin_Very Low (<8%)",grade_A,0.073,0.999,5.216
445,"installment_bin_Medium, term_ 36 months, int_rate_bin_Very Low (<8%)",grade_A,0.055,0.999,5.216
51,"term_ 36 months, int_rate_bin_Very Low (<8%)",grade_A,0.16,0.999,5.216
391,"term_ 36 months, loan_status_Fully Paid, int_rate_bin_Very Low (<8%)",grade_A,0.085,0.999,5.215
233,"grade_C, sub_grade_C2",int_rate_bin_Medium (12-16%),0.058,0.999,3.411
237,sub_grade_C2,"grade_C, int_rate_bin_Medium (12-16%)",0.058,0.999,4.026
41,sub_grade_C2,int_rate_bin_Medium (12-16%),0.058,0.999,3.411
555,"loan_status_Fully Paid, home_ownership_MORTGAGE, int_rate_bin_Very Low (<8%)",grade_A,0.051,0.999,5.214
437,"term_ 36 months, int_rate_bin_Very Low (<8%), installment_bin_Low",grade_A,0.056,0.999,5.214
43,sub_grade_C3,int_rate_bin_Medium (12-16%),0.057,0.999,3.411
243,sub_grade_C3,"grade_C, int_rate_bin_Medium (12-16%)",0.057,0.999,4.026
239,"grade_C, sub_grade_C3",int_rate_bin_Medium (12-16%),0.057,0.999,3.411
73,"home_ownership_MORTGAGE, int_rate_bin_Very Low (<8%)",grade_A,0.095,0.999,5.213
99,"installment_bin_High, int_rate_bin_Very Low (<8%)",grade_A,0.053,0.999,5.213
61,"dti_bin_Low (10-20), int_rate_bin_Very Low (<8%)",grade_A,0.077,0.999,5.213
65,"loan_status_Current, int_rate_bin_Very Low (<8%)",grade_A,0.076,0.998,5.213
407,"term_ 36 months, home_ownership_RENT, int_rate_bin_Very Low (<8%)",grade_A,0.052,0.998,5.212
1,int_rate_bin_Very Low (<8%),grade_A,0.169,0.998,5.212
95,"installment_bin_Medium, int_rate_bin_Very Low (<8%)",grade_A,0.058,0.998,5.212
69,"loan_status_Fully Paid, int_rate_bin_Very Low (<8%)",grade_A,0.087,0.998,5.212
90,"installment_bin_Low, int_rate_bin_Very Low (<8%)",grade_A,0.058,0.998,5.211
77,"home_ownership_RENT, int_rate_bin_Very Low (<8%)",grade_A,0.054,0.998,5.208
369,"fico_range_low_bin_Low, loan_status_Charged Off",last_fico_range_low_bin_Low,0.061,0.979,2.779
395,"loan_status_Fully Paid, int_rate_bin_Very Low (<8%)","term_ 36 months, grade_A",0.085,0.977,5.398
1016,"last_fico_range_low_bin_High, loan_status_Fully Paid, int_rate_bin_Very Low (<8%)","term_ 36 months, grade_A",0.055,0.974,5.38
365,"home_ownership_RENT, loan_status_Charged Off",last_fico_range_low_bin_Low,0.053,0.973,2.763
1038,"fico_range_low_bin_High, loan_status_Fully Paid, int_rate_bin_Very Low (<8%)","term_ 36 months, grade_A",0.058,0.973,5.374
411,"home_ownership_RENT, int_rate_bin_Very Low (<8%)","term_ 36 months, grade_A",0.052,0.969,5.352
49,loan_status_Charged Off,last_fico_range_low_bin_Low,0.115,0.964,2.739
441,"int_rate_bin_Very Low (<8%), installment_bin_Low","term_ 36 months, grade_A",0.056,0.964,5.328
335,"term_ 36 months, loan_status_Charged Off",last_fico_range_low_bin_Low,0.069,0.962,2.733
53,int_rate_bin_Very Low (<8%),"term_ 36 months, grade_A",0.16,0.949,5.244
455,"installment_bin_High, int_rate_bin_Very Low (<8%)","term_ 36 months, grade_A",0.05,0.949,5.241
646,"term_ 36 months, grade_B, loan_status_Current",int_rate_bin_Low (8-12%),0.077,0.947,3.22
379,"dti_bin_Low (10-20), int_rate_bin_Very Low (<8%)","term_ 36 months, grade_A",0.073,0.946,5.226
418,"last_fico_range_low_bin_High, int_rate_bin_Very Low (<8%)","term_ 36 months, grade_A",0.101,0.941,5.201
431,"fico_range_low_bin_High, int_rate_bin_Very Low (<8%)","term_ 36 months, grade_A",0.111,0.941,5.198
767,"grade_B, home_ownership_MORTGAGE, loan_status_Current",int_rate_bin_Low (8-12%),0.054,0.938,3.191
174,"grade_B, loan_status_Current",int_rate_bin_Low (8-12%),0.109,0.937,3.187
403,"home_ownership_MORTGAGE, int_rate_bin_Very Low (<8%)","term_ 36 months, grade_A",0.089,0.937,5.176
1110,"last_fico_range_low_bin_High, fico_range_low_bin_High, int_rate_bin_Very Low (<8%)","term_ 36 months, grade_A",0.081,0.936,5.17
447,"installment_bin_Medium, int_rate_bin_Very Low (<8%)","term_ 36 months, grade_A",0.055,0.934,5.163
718,"term_ 36 months, fico_range_low_bin_High, grade_B",int_rate_bin_Low (8-12%),0.059,0.931,3.165
702,"term_ 36 months, fico_range_low_bin_Low, int_rate_bin_Low (8-12%)",grade_B,0.086,0.93,3.167
142,"grade_B, sub_grade_B3",int_rate_bin_Low (8-12%),0.054,0.928,3.157
146,sub_grade_B3,"grade_B, int_rate_bin_Low (8-12%)",0.054,0.928,3.525
34,sub_grade_B3,int_rate_bin_Low (8-12%),0.054,0.928,3.157
814,"last_fico_range_low_bin_High, fico_range_low_bin_High, grade_B",int_rate_bin_Low (8-12%),0.052,0.928,3.156
1061,"last_fico_range_low_bin_High, home_ownership_MORTGAGE, int_rate_bin_Very Low (<8%)","term_ 36 months, grade_A",0.058,0.928,5.126
1084,"fico_range_low_bin_High, home_ownership_MORTGAGE, int_rate_bin_Very Low (<8%)","term_ 36 months, grade_A",0.064,0.927,5.123
159,"term_ 60 months, int_rate_bin_Low (8-12%)",grade_B,0.051,0.926,3.154
202,"fico_range_low_bin_Low, int_rate_bin_Low (8-12%)",grade_B,0.091,0.925,3.151
210,"fico_range_low_bin_High, grade_B",int_rate_bin_Low (8-12%),0.092,0.921,3.133
806,"fico_range_low_bin_High, grade_B, home_ownership_MORTGAGE",int_rate_bin_Low (8-12%),0.05,0.92,3.13
1102,"last_fico_range_low_bin_High, term_ 36 months, fico_range_low_bin_High, grade_A",int_rate_bin_Very Low (<8%),0.081,0.919,5.435
387,"loan_status_Current, int_rate_bin_Very Low (<8%)","term_ 36 months, grade_A",0.07,0.917,5.067
1154,"last_fico_range_low_bin_High, fico_range_low_bin_High, home_ownership_MORTGAGE, grade_A",int_rate_bin_Very Low (<8%),0.051,0.916,5.42
1077,"term_ 36 months, fico_range_low_bin_High, home_ownership_MORTGAGE, grade_A",int_rate_bin_Very Low (<8%),0.064,0.916,5.417
1054,"last_fico_range_low_bin_High, term_ 36 months, home_ownership_MORTGAGE, grade_A",int_rate_bin_Very Low (<8%),0.058,0.915,5.413
191,"last_fico_range_low_bin_Low, int_rate_bin_Low (8-12%)",grade_B,0.075,0.913,3.111
261,"int_rate_bin_Medium (12-16%), loan_status_Current",grade_C,0.093,0.913,3.175
679,"last_fico_range_low_bin_Low, term_ 36 months, int_rate_bin_Low (8-12%)",grade_B,0.066,0.913,3.11
1031,"term_ 36 months, fico_range_low_bin_High, loan_status_Fully Paid, grade_A",int_rate_bin_Very Low (<8%),0.058,0.912,5.394
604,"last_fico_range_low_bin_High, fico_range_low_bin_High, grade_A",int_rate_bin_Very Low (<8%),0.087,0.912,5.392
798,"last_fico_range_low_bin_High, grade_B, home_ownership_MORTGAGE",int_rate_bin_Low (8-12%),0.052,0.911,3.098
1010,"last_fico_range_low_bin_High, term_ 36 months, loan_status_Fully Paid, grade_A",int_rate_bin_Very Low (<8%),0.055,0.909,5.377
214,"grade_B, installment_bin_Low",int_rate_bin_Low (8-12%),0.099,0.909,3.092
726,"term_ 36 months, grade_B, installment_bin_Low",int_rate_bin_Low (8-12%),0.089,0.909,3.09
424,"term_ 36 months, fico_range_low_bin_High, grade_A",int_rate_bin_Very Low (<8%),0.111,0.908,5.37
198,"last_fico_range_low_bin_High, grade_B",int_rate_bin_Low (8-12%),0.099,0.908,3.087
414,"last_fico_range_low_bin_High, term_ 36 months, grade_A",int_rate_bin_Very Low (<8%),0.101,0.907,5.366
592,"fico_range_low_bin_High, home_ownership_MORTGAGE, grade_A",int_rate_bin_Very Low (<8%),0.069,0.907,5.366
570,"fico_range_low_bin_High, loan_status_Fully Paid, grade_A",int_rate_bin_Very Low (<8%),0.06,0.906,5.361
694,"last_fico_range_low_bin_High, term_ 36 months, grade_B",int_rate_bin_Low (8-12%),0.071,0.906,3.082
520,"fico_range_low_bin_High, dti_bin_Low (10-20), grade_A",int_rate_bin_Very Low (<8%),0.053,0.906,5.359
582,"last_fico_range_low_bin_High, home_ownership_MORTGAGE, grade_A",int_rate_bin_Very Low (<8%),0.062,0.906,5.357
562,"last_fico_range_low_bin_High, loan_status_Fully Paid, grade_A",int_rate_bin_Very Low (<8%),0.057,0.904,5.349
195,"last_fico_range_low_bin_Medium, int_rate_bin_Low (8-12%)",grade_B,0.09,0.903,3.078
158,"grade_B, term_ 60 months",int_rate_bin_Low (8-12%),0.051,0.903,3.07
686,"term_ 36 months, grade_B, last_fico_range_low_bin_Medium",int_rate_bin_Low (8-12%),0.075,0.902,3.069
215,"int_rate_bin_Low (8-12%), installment_bin_Low",grade_B,0.099,0.902,3.073
84,"fico_range_low_bin_High, grade_A",int_rate_bin_Very Low (<8%),0.118,0.902,5.334
790,"int_rate_bin_Low (8-12%), loan_status_Fully Paid, installment_bin_Low",grade_B,0.051,0.902,3.072
194,"grade_B, last_fico_range_low_bin_Medium",int_rate_bin_Low (8-12%),0.09,0.901,3.065
171,"dti_bin_Very Low (<10), grade_B",int_rate_bin_Low (8-12%),0.051,0.901,3.065
207,"int_rate_bin_Low (8-12%), fico_range_low_bin_Medium",grade_B,0.08,0.901,3.068
80,"last_fico_range_low_bin_High, grade_A",int_rate_bin_Very Low (<8%),0.108,0.9,5.324
727,"int_rate_bin_Low (8-12%), term_ 36 months, installment_bin_Low",grade_B,0.089,0.9,3.066
167,"dti_bin_Medium (20-30), int_rate_bin_Low (8-12%)",grade_B,0.076,0.9,3.065
182,"grade_B, home_ownership_MORTGAGE",int_rate_bin_Low (8-12%),0.131,0.9,3.06
542,"fico_range_low_bin_High, loan_status_Current, grade_A",int_rate_bin_Very Low (<8%),0.055,0.899,5.317
175,"loan_status_Current, int_rate_bin_Low (8-12%)",grade_B,0.109,0.898,3.061
687,"term_ 36 months, last_fico_range_low_bin_Medium, int_rate_bin_Low (8-12%)",grade_B,0.075,0.898,3.06
662,"term_ 36 months, grade_B, home_ownership_MORTGAGE",int_rate_bin_Low (8-12%),0.098,0.898,3.054
766,"home_ownership_MORTGAGE, loan_status_Current, int_rate_bin_Low (8-12%)",grade_B,0.054,0.898,3.058
187,"home_ownership_RENT, int_rate_bin_Low (8-12%)",grade_B,0.102,0.897,3.058
14,grade_B,int_rate_bin_Low (8-12%),0.263,0.897,3.051
758,"grade_B, home_ownership_MORTGAGE, dti_bin_Low (10-20)",int_rate_bin_Low (8-12%),0.057,0.897,3.051
838,"loan_status_Fully Paid, term_ 36 months, grade_C",int_rate_bin_Medium (12-16%),0.087,0.897,3.063
703,"term_ 36 months, fico_range_low_bin_Low, grade_B",int_rate_bin_Low (8-12%),0.086,0.897,3.05
203,"fico_range_low_bin_Low, grade_B",int_rate_bin_Low (8-12%),0.091,0.896,3.049
162,"grade_B, dti_bin_Low (10-20)",int_rate_bin_Low (8-12%),0.114,0.896,3.047
154,"term_ 36 months, grade_B",int_rate_bin_Low (8-12%),0.212,0.896,3.047
15,int_rate_bin_Low (8-12%),grade_B,0.263,0.896,3.051
532,"last_fico_range_low_bin_High, loan_status_Current, grade_A",int_rate_bin_Very Low (<8%),0.05,0.895,5.297
711,"term_ 36 months, int_rate_bin_Low (8-12%), fico_range_low_bin_Medium",grade_B,0.067,0.895,3.051
398,"term_ 36 months, home_ownership_MORTGAGE, grade_A",int_rate_bin_Very Low (<8%),0.089,0.895,5.295
163,"dti_bin_Low (10-20), int_rate_bin_Low (8-12%)",grade_B,0.114,0.895,3.049
166,"dti_bin_Medium (20-30), grade_B",int_rate_bin_Low (8-12%),0.076,0.895,3.043
630,"term_ 36 months, grade_B, dti_bin_Low (10-20)",int_rate_bin_Low (8-12%),0.091,0.894,3.04
219,"installment_bin_Medium, int_rate_bin_Low (8-12%)",grade_B,0.09,0.894,3.045
671,"term_ 36 months, home_ownership_RENT, int_rate_bin_Low (8-12%)",grade_B,0.089,0.894,3.045
639,"term_ 36 months, dti_bin_Medium (20-30), int_rate_bin_Low (8-12%)",grade_B,0.061,0.893,3.043
183,"home_ownership_MORTGAGE, int_rate_bin_Low (8-12%)",grade_B,0.131,0.893,3.042
638,"term_ 36 months, grade_B, dti_bin_Medium (20-30)",int_rate_bin_Low (8-12%),0.061,0.893,3.037
222,"installment_bin_High, grade_B",int_rate_bin_Low (8-12%),0.075,0.892,3.034
178,"loan_status_Fully Paid, int_rate_bin_Low (8-12%)",grade_B,0.131,0.892,3.038
264,"loan_status_Fully Paid, grade_C",int_rate_bin_Medium (12-16%),0.117,0.891,3.045
554,"loan_status_Fully Paid, home_ownership_MORTGAGE, grade_A",int_rate_bin_Very Low (<8%),0.051,0.891,5.27
918,"grade_C, fico_range_low_bin_Low, loan_status_Fully Paid",int_rate_bin_Medium (12-16%),0.058,0.891,3.043
390,"term_ 36 months, loan_status_Fully Paid, grade_A",int_rate_bin_Very Low (<8%),0.085,0.891,5.269
186,"grade_B, home_ownership_RENT",int_rate_bin_Low (8-12%),0.102,0.89,3.028
759,"home_ownership_MORTGAGE, dti_bin_Low (10-20), int_rate_bin_Low (8-12%)",grade_B,0.057,0.89,3.033
750,"loan_status_Fully Paid, dti_bin_Low (10-20), int_rate_bin_Low (8-12%)",grade_B,0.058,0.89,3.033
670,"term_ 36 months, grade_B, home_ownership_RENT",int_rate_bin_Low (8-12%),0.089,0.89,3.026
170,"dti_bin_Very Low (<10), int_rate_bin_Low (8-12%)",grade_B,0.051,0.89,3.031
742,"installment_bin_High, term_ 36 months, grade_B",int_rate_bin_Low (8-12%),0.055,0.889,3.025
223,"installment_bin_High, int_rate_bin_Low (8-12%)",grade_B,0.075,0.889,3.03
374,"term_ 36 months, dti_bin_Low (10-20), grade_A",int_rate_bin_Very Low (<8%),0.073,0.889,5.26
910,"loan_status_Fully Paid, grade_C, home_ownership_MORTGAGE",int_rate_bin_Medium (12-16%),0.057,0.889,3.037
155,"term_ 36 months, int_rate_bin_Low (8-12%)",grade_B,0.212,0.889,3.028
218,"installment_bin_Medium, grade_B",int_rate_bin_Low (8-12%),0.09,0.889,3.022
654,"term_ 36 months, loan_status_Fully Paid, int_rate_bin_Low (8-12%)",grade_B,0.115,0.888,3.026
631,"term_ 36 months, dti_bin_Low (10-20), int_rate_bin_Low (8-12%)",grade_B,0.091,0.888,3.026
452,"installment_bin_High, term_ 36 months, grade_A",int_rate_bin_Very Low (<8%),0.05,0.888,5.253
72,"home_ownership_MORTGAGE, grade_A",int_rate_bin_Very Low (<8%),0.095,0.888,5.251
774,"loan_status_Fully Paid, home_ownership_MORTGAGE, int_rate_bin_Low (8-12%)",grade_B,0.067,0.888,3.024
444,"installment_bin_Medium, term_ 36 months, grade_A",int_rate_bin_Very Low (<8%),0.055,0.887,5.248
68,"loan_status_Fully Paid, grade_A",int_rate_bin_Very Low (<8%),0.087,0.887,5.247
735,"installment_bin_Medium, term_ 36 months, int_rate_bin_Low (8-12%)",grade_B,0.069,0.887,3.022
50,"term_ 36 months, grade_A",int_rate_bin_Very Low (<8%),0.16,0.887,5.244
1181,"term_ 36 months, loan_status_Fully Paid, dti_bin_Low (10-20), int_rate_bin_Low (8-12%)",grade_B,0.051,0.886,3.019
647,"term_ 36 months, loan_status_Current, int_rate_bin_Low (8-12%)",grade_B,0.077,0.886,3.018
791,"loan_status_Fully Paid, installment_bin_Low, grade_B",int_rate_bin_Low (8-12%),0.051,0.886,3.012
734,"installment_bin_Medium, term_ 36 months, grade_B",int_rate_bin_Low (8-12%),0.069,0.885,3.01
436,"term_ 36 months, grade_A, installment_bin_Low",int_rate_bin_Very Low (<8%),0.056,0.884,5.231
60,"dti_bin_Low (10-20), grade_A",int_rate_bin_Very Low (<8%),0.077,0.884,5.227
382,"term_ 36 months, loan_status_Current, grade_A",int_rate_bin_Very Low (<8%),0.07,0.884,5.226
895,"term_ 60 months, home_ownership_MORTGAGE, int_rate_bin_Medium (12-16%)",grade_C,0.052,0.883,3.071
249,"int_rate_bin_Medium (12-16%), term_ 60 months",grade_C,0.087,0.883,3.071
1197,"term_ 36 months, loan_status_Fully Paid, home_ownership_MORTGAGE, int_rate_bin_Low (8-12%)",grade_B,0.056,0.883,3.007
783,"last_fico_range_low_bin_High, loan_status_Fully Paid, grade_B",int_rate_bin_Low (8-12%),0.055,0.883,3.002
663,"term_ 36 months, home_ownership_MORTGAGE, int_rate_bin_Low (8-12%)",grade_B,0.098,0.883,3.007
98,"installment_bin_High, grade_A",int_rate_bin_Very Low (<8%),0.053,0.882,5.219
1035,"fico_range_low_bin_High, loan_status_Fully Paid, grade_A","term_ 36 months, int_rate_bin_Very Low (<8%)",0.058,0.882,5.491
1013,"last_fico_range_low_bin_High, loan_status_Fully Paid, grade_A","term_ 36 months, int_rate_bin_Very Low (<8%)",0.055,0.881,5.487
91,"grade_A, installment_bin_Low",int_rate_bin_Very Low (<8%),0.058,0.881,5.212
0,grade_A,int_rate_bin_Very Low (<8%),0.169,0.881,5.212
94,"installment_bin_Medium, grade_A",int_rate_bin_Very Low (<8%),0.058,0.88,5.205
782,"last_fico_range_low_bin_High, loan_status_Fully Paid, int_rate_bin_Low (8-12%)",grade_B,0.055,0.88,2.997
226,"grade_C, sub_grade_C1",int_rate_bin_Medium (12-16%),0.057,0.879,3.003
229,sub_grade_C1,"grade_C, int_rate_bin_Medium (12-16%)",0.057,0.879,3.545
38,sub_grade_C1,int_rate_bin_Medium (12-16%),0.057,0.879,3.003
190,"last_fico_range_low_bin_Low, grade_B",int_rate_bin_Low (8-12%),0.075,0.879,2.989
678,"last_fico_range_low_bin_Low, term_ 36 months, grade_B",int_rate_bin_Low (8-12%),0.066,0.878,2.986
64,"loan_status_Current, grade_A",int_rate_bin_Very Low (<8%),0.076,0.876,5.184
199,"last_fico_range_low_bin_High, int_rate_bin_Low (8-12%)",grade_B,0.099,0.876,2.984
296,"fico_range_low_bin_High, grade_C",int_rate_bin_Medium (12-16%),0.051,0.875,2.987
284,"last_fico_range_low_bin_High, grade_C",int_rate_bin_Medium (12-16%),0.061,0.874,2.984
799,"last_fico_range_low_bin_High, home_ownership_MORTGAGE, int_rate_bin_Low (8-12%)",grade_B,0.052,0.873,2.976
775,"loan_status_Fully Paid, home_ownership_MORTGAGE, grade_B",int_rate_bin_Low (8-12%),0.067,0.873,2.969
743,"installment_bin_High, term_ 36 months, int_rate_bin_Low (8-12%)",grade_B,0.055,0.873,2.973
300,"grade_C, installment_bin_Low",int_rate_bin_Medium (12-16%),0.088,0.873,2.98
1196,"term_ 36 months, loan_status_Fully Paid, home_ownership_MORTGAGE, grade_B",int_rate_bin_Low (8-12%),0.056,0.872,2.966
206,"grade_B, fico_range_low_bin_Medium",int_rate_bin_Low (8-12%),0.08,0.872,2.966
822,"term_ 36 months, grade_C, dti_bin_Low (10-20)",int_rate_bin_Medium (12-16%),0.062,0.871,2.975
706,"fico_range_low_bin_Low, int_rate_bin_Low (8-12%)","term_ 36 months, grade_B",0.086,0.871,3.682
862,"last_fico_range_low_bin_Low, term_ 36 months, grade_C",int_rate_bin_Medium (12-16%),0.074,0.871,2.975
886,"term_ 36 months, grade_C, installment_bin_Low",int_rate_bin_Medium (12-16%),0.07,0.87,2.972
406,"term_ 36 months, home_ownership_RENT, grade_A",int_rate_bin_Very Low (<8%),0.052,0.869,5.142
846,"term_ 36 months, grade_C, home_ownership_MORTGAGE",int_rate_bin_Medium (12-16%),0.066,0.869,2.967
179,"loan_status_Fully Paid, grade_B",int_rate_bin_Low (8-12%),0.131,0.869,2.954
252,"grade_C, dti_bin_Low (10-20)",int_rate_bin_Medium (12-16%),0.099,0.868,2.966
394,"loan_status_Fully Paid, grade_A","term_ 36 months, int_rate_bin_Very Low (<8%)",0.085,0.868,5.406
276,"last_fico_range_low_bin_Low, grade_C",int_rate_bin_Medium (12-16%),0.103,0.868,2.963
655,"term_ 36 months, loan_status_Fully Paid, grade_B",int_rate_bin_Low (8-12%),0.115,0.867,2.948
831,"term_ 36 months, grade_C, dti_bin_Medium (20-30)",int_rate_bin_Medium (12-16%),0.051,0.867,2.96
244,"term_ 36 months, grade_C",int_rate_bin_Medium (12-16%),0.161,0.866,2.958
710,"term_ 36 months, grade_B, fico_range_low_bin_Medium",int_rate_bin_Low (8-12%),0.067,0.866,2.946
76,"home_ownership_RENT, grade_A",int_rate_bin_Very Low (<8%),0.054,0.866,5.122
902,"grade_C, fico_range_low_bin_Low, dti_bin_Low (10-20)",int_rate_bin_Medium (12-16%),0.05,0.866,2.957
751,"loan_status_Fully Paid, dti_bin_Low (10-20), grade_B",int_rate_bin_Low (8-12%),0.058,0.865,2.943
268,"grade_C, home_ownership_MORTGAGE",int_rate_bin_Medium (12-16%),0.117,0.865,2.953
211,"fico_range_low_bin_High, int_rate_bin_Low (8-12%)",grade_B,0.092,0.864,2.945
942,"last_fico_range_low_bin_Low, grade_C, fico_range_low_bin_Low",int_rate_bin_Medium (12-16%),0.061,0.864,2.952
807,"fico_range_low_bin_High, home_ownership_MORTGAGE, int_rate_bin_Low (8-12%)",grade_B,0.05,0.864,2.944
878,"term_ 36 months, grade_C, fico_range_low_bin_Low",int_rate_bin_Medium (12-16%),0.089,0.864,2.951
304,"installment_bin_Medium, grade_C",int_rate_bin_Medium (12-16%),0.082,0.864,2.95
854,"term_ 36 months, grade_C, home_ownership_RENT",int_rate_bin_Medium (12-16%),0.076,0.864,2.949
1180,"term_ 36 months, loan_status_Fully Paid, dti_bin_Low (10-20), grade_B",int_rate_bin_Low (8-12%),0.051,0.864,2.937
926,"fico_range_low_bin_Low, grade_C, home_ownership_MORTGAGE",int_rate_bin_Medium (12-16%),0.052,0.864,2.949
943,"last_fico_range_low_bin_Low, fico_range_low_bin_Low, int_rate_bin_Medium (12-16%)",grade_C,0.061,0.863,3.003
927,"fico_range_low_bin_Low, int_rate_bin_Medium (12-16%), home_ownership_MORTGAGE",grade_C,0.052,0.863,3.001
26,grade_C,int_rate_bin_Medium (12-16%),0.248,0.863,2.947
288,"grade_C, fico_range_low_bin_Low",int_rate_bin_Medium (12-16%),0.119,0.862,2.945
289,"fico_range_low_bin_Low, int_rate_bin_Medium (12-16%)",grade_C,0.119,0.862,2.999
256,"dti_bin_Medium (20-30), grade_C",int_rate_bin_Medium (12-16%),0.08,0.862,2.944
36,sub_grade_B4,int_rate_bin_Low (8-12%),0.053,0.861,2.929
153,sub_grade_B4,"grade_B, int_rate_bin_Low (8-12%)",0.053,0.861,3.27
149,"grade_B, sub_grade_B4",int_rate_bin_Low (8-12%),0.053,0.861,2.929
934,"grade_C, fico_range_low_bin_Low, home_ownership_RENT",int_rate_bin_Medium (12-16%),0.054,0.86,2.938
272,"grade_C, home_ownership_RENT",int_rate_bin_Medium (12-16%),0.103,0.86,2.938
894,"grade_C, term_ 60 months, home_ownership_MORTGAGE",int_rate_bin_Medium (12-16%),0.052,0.86,2.936
281,"int_rate_bin_Medium (12-16%), last_fico_range_low_bin_Medium",grade_C,0.084,0.859,2.988
903,"fico_range_low_bin_Low, int_rate_bin_Medium (12-16%), dti_bin_Low (10-20)",grade_C,0.05,0.858,2.986
935,"fico_range_low_bin_Low, int_rate_bin_Medium (12-16%), home_ownership_RENT",grade_C,0.054,0.858,2.984
695,"last_fico_range_low_bin_High, term_ 36 months, int_rate_bin_Low (8-12%)",grade_B,0.071,0.858,2.922
248,"grade_C, term_ 60 months",int_rate_bin_Medium (12-16%),0.087,0.857,2.925
292,"grade_C, fico_range_low_bin_Medium",int_rate_bin_Medium (12-16%),0.078,0.856,2.924
257,"dti_bin_Medium (20-30), int_rate_bin_Medium (12-16%)",grade_C,0.08,0.855,2.974
1107,"last_fico_range_low_bin_High, fico_range_low_bin_High, grade_A","term_ 36 months, int_rate_bin_Very Low (<8%)",0.081,0.853,5.312
301,"int_rate_bin_Medium (12-16%), installment_bin_Low",grade_C,0.088,0.853,2.966
309,"installment_bin_High, int_rate_bin_Medium (12-16%)",grade_C,0.078,0.852,2.965
870,"term_ 36 months, grade_C, last_fico_range_low_bin_Medium",int_rate_bin_Medium (12-16%),0.054,0.852,2.911
879,"term_ 36 months, fico_range_low_bin_Low, int_rate_bin_Medium (12-16%)",grade_C,0.089,0.852,2.962
815,"last_fico_range_low_bin_High, fico_range_low_bin_High, int_rate_bin_Low (8-12%)",grade_B,0.052,0.851,2.901
440,"grade_A, installment_bin_Low","term_ 36 months, int_rate_bin_Very Low (<8%)",0.056,0.851,5.301
277,"last_fico_range_low_bin_Low, int_rate_bin_Medium (12-16%)",grade_C,0.103,0.851,2.96
308,"installment_bin_High, grade_C",int_rate_bin_Medium (12-16%),0.078,0.851,2.906
280,"grade_C, last_fico_range_low_bin_Medium",int_rate_bin_Medium (12-16%),0.084,0.849,2.9
430,"fico_range_low_bin_High, grade_A","term_ 36 months, int_rate_bin_Very Low (<8%)",0.111,0.849,5.285
417,"last_fico_range_low_bin_High, grade_A","term_ 36 months, int_rate_bin_Very Low (<8%)",0.101,0.848,5.278
27,int_rate_bin_Medium (12-16%),grade_C,0.248,0.847,2.947
269,"home_ownership_MORTGAGE, int_rate_bin_Medium (12-16%)",grade_C,0.117,0.847,2.944
887,"term_ 36 months, int_rate_bin_Medium (12-16%), installment_bin_Low",grade_C,0.07,0.845,2.939
707,"fico_range_low_bin_Low, grade_B","term_ 36 months, int_rate_bin_Low (8-12%)",0.086,0.844,3.539
273,"int_rate_bin_Medium (12-16%), home_ownership_RENT",grade_C,0.103,0.844,2.935
1080,"fico_range_low_bin_High, home_ownership_MORTGAGE, grade_A","term_ 36 months, int_rate_bin_Very Low (<8%)",0.064,0.842,5.24
410,"home_ownership_RENT, grade_A","term_ 36 months, int_rate_bin_Very Low (<8%)",0.052,0.841,5.236
253,"int_rate_bin_Medium (12-16%), dti_bin_Low (10-20)",grade_C,0.099,0.841,2.925
863,"last_fico_range_low_bin_Low, term_ 36 months, int_rate_bin_Medium (12-16%)",grade_C,0.074,0.841,2.924
1057,"last_fico_range_low_bin_High, home_ownership_MORTGAGE, grade_A","term_ 36 months, int_rate_bin_Very Low (<8%)",0.058,0.841,5.233
297,"fico_range_low_bin_High, int_rate_bin_Medium (12-16%)",grade_C,0.051,0.84,2.92
871,"term_ 36 months, int_rate_bin_Medium (12-16%), last_fico_range_low_bin_Medium",grade_C,0.054,0.839,2.918
454,"installment_bin_High, grade_A","term_ 36 months, int_rate_bin_Very Low (<8%)",0.05,0.838,5.219
52,grade_A,"term_ 36 months, int_rate_bin_Very Low (<8%)",0.16,0.838,5.216
830,"term_ 36 months, int_rate_bin_Medium (12-16%), dti_bin_Medium (20-30)",grade_C,0.051,0.838,2.913
377,"dti_bin_Low (10-20), grade_A","term_ 36 months, int_rate_bin_Very Low (<8%)",0.073,0.837,5.212
305,"installment_bin_Medium, int_rate_bin_Medium (12-16%)",grade_C,0.082,0.836,2.909
402,"home_ownership_MORTGAGE, grade_A","term_ 36 months, int_rate_bin_Very Low (<8%)",0.089,0.833,5.185
855,"term_ 36 months, int_rate_bin_Medium (12-16%), home_ownership_RENT",grade_C,0.076,0.832,2.893
293,"int_rate_bin_Medium (12-16%), fico_range_low_bin_Medium",grade_C,0.078,0.83,2.888
245,"term_ 36 months, int_rate_bin_Medium (12-16%)",grade_C,0.161,0.829,2.884
719,"term_ 36 months, fico_range_low_bin_High, int_rate_bin_Low (8-12%)",grade_B,0.059,0.829,2.823
1152,"last_fico_range_low_bin_High, home_ownership_MORTGAGE, grade_A, int_rate_bin_Very Low (<8%)",fico_range_low_bin_High,0.051,0.826,2.599
993,"last_fico_range_low_bin_High, home_ownership_MORTGAGE, int_rate_bin_Very Low (<8%)",fico_range_low_bin_High,0.051,0.826,2.598
1162,"last_fico_range_low_bin_High, home_ownership_MORTGAGE, int_rate_bin_Very Low (<8%)","fico_range_low_bin_High, grade_A",0.051,0.826,6.287
285,"last_fico_range_low_bin_High, int_rate_bin_Medium (12-16%)",grade_C,0.061,0.825,2.87
446,"installment_bin_Medium, grade_A","term_ 36 months, int_rate_bin_Very Low (<8%)",0.055,0.824,5.128
919,"fico_range_low_bin_Low, loan_status_Fully Paid, int_rate_bin_Medium (12-16%)",grade_C,0.058,0.822,2.859
260,"grade_C, loan_status_Current",int_rate_bin_Medium (12-16%),0.093,0.822,2.807
847,"term_ 36 months, home_ownership_MORTGAGE, int_rate_bin_Medium (12-16%)",grade_C,0.066,0.82,2.851
823,"term_ 36 months, int_rate_bin_Medium (12-16%), dti_bin_Low (10-20)",grade_C,0.062,0.817,2.84
619,"last_fico_range_low_bin_High, home_ownership_MORTGAGE, grade_A",fico_range_low_bin_High,0.056,0.816,2.568
730,"grade_B, installment_bin_Low","term_ 36 months, int_rate_bin_Low (8-12%)",0.089,0.815,3.419
1128,"last_fico_range_low_bin_High, term_ 36 months, home_ownership_MORTGAGE, grade_A",fico_range_low_bin_High,0.051,0.811,2.55
731,"int_rate_bin_Low (8-12%), installment_bin_Low","term_ 36 months, grade_B",0.089,0.809,3.42
683,"last_fico_range_low_bin_Low, int_rate_bin_Low (8-12%)","term_ 36 months, grade_B",0.066,0.809,3.418
606,"last_fico_range_low_bin_High, grade_A, int_rate_bin_Very Low (<8%)",fico_range_low_bin_High,0.087,0.808,2.541
359,"last_fico_range_low_bin_High, int_rate_bin_Very Low (<8%)",fico_range_low_bin_High,0.087,0.808,2.54
610,"last_fico_range_low_bin_High, int_rate_bin_Very Low (<8%)","fico_range_low_bin_High, grade_A",0.087,0.807,6.147
386,"loan_status_Current, grade_A","term_ 36 months, int_rate_bin_Very Low (<8%)",0.07,0.805,5.012
911,"loan_status_Fully Paid, int_rate_bin_Medium (12-16%), home_ownership_MORTGAGE",grade_C,0.057,0.803,2.794
1100,"last_fico_range_low_bin_High, term_ 36 months, grade_A, int_rate_bin_Very Low (<8%)",fico_range_low_bin_High,0.081,0.803,2.526
977,"last_fico_range_low_bin_High, term_ 36 months, int_rate_bin_Very Low (<8%)",fico_range_low_bin_High,0.081,0.803,2.525
1111,"last_fico_range_low_bin_High, term_ 36 months, int_rate_bin_Very Low (<8%)","fico_range_low_bin_High, grade_A",0.081,0.803,6.111
313,"term_ 36 months, grade_D",int_rate_bin_High (16-20%),0.065,0.802,4.846
265,"loan_status_Fully Paid, int_rate_bin_Medium (12-16%)",grade_C,0.117,0.802,2.787
125,"last_fico_range_low_bin_High, grade_A",fico_range_low_bin_High,0.095,0.798,2.509
321,"last_fico_range_low_bin_Low, grade_D",int_rate_bin_High (16-20%),0.059,0.796,4.814
317,"home_ownership_MORTGAGE, grade_D",int_rate_bin_High (16-20%),0.051,0.795,4.805
509,"last_fico_range_low_bin_High, term_ 36 months, grade_A",fico_range_low_bin_High,0.089,0.793,2.494
325,"fico_range_low_bin_Low, grade_D",int_rate_bin_High (16-20%),0.064,0.793,4.79
29,grade_D,int_rate_bin_High (16-20%),0.114,0.792,4.787
657,"loan_status_Fully Paid, int_rate_bin_Low (8-12%)","term_ 36 months, grade_B",0.115,0.787,3.328
675,"home_ownership_RENT, int_rate_bin_Low (8-12%)","term_ 36 months, grade_B",0.089,0.787,3.325
839,"term_ 36 months, loan_status_Fully Paid, int_rate_bin_Medium (12-16%)",grade_C,0.087,0.784,2.726
674,"grade_B, home_ownership_RENT","term_ 36 months, int_rate_bin_Low (8-12%)",0.089,0.781,3.272
1183,"loan_status_Fully Paid, dti_bin_Low (10-20), int_rate_bin_Low (8-12%)","term_ 36 months, grade_B",0.051,0.78,3.298
682,"last_fico_range_low_bin_Low, grade_B","term_ 36 months, int_rate_bin_Low (8-12%)",0.066,0.778,3.263
659,"loan_status_Fully Paid, grade_B","term_ 36 months, int_rate_bin_Low (8-12%)",0.115,0.767,3.215
1182,"loan_status_Fully Paid, dti_bin_Low (10-20), grade_B","term_ 36 months, int_rate_bin_Low (8-12%)",0.051,0.759,3.181
1104,"last_fico_range_low_bin_High, grade_A, int_rate_bin_Very Low (<8%)","term_ 36 months, fico_range_low_bin_High",0.081,0.756,3.38
981,"last_fico_range_low_bin_High, int_rate_bin_Very Low (<8%)","term_ 36 months, fico_range_low_bin_High",0.081,0.756,3.378
1118,"last_fico_range_low_bin_High, int_rate_bin_Very Low (<8%)","term_ 36 months, fico_range_low_bin_High, grade_A",0.081,0.756,6.155
691,"last_fico_range_low_bin_Medium, int_rate_bin_Low (8-12%)","term_ 36 months, grade_B",0.075,0.755,3.191
690,"grade_B, last_fico_range_low_bin_Medium","term_ 36 months, int_rate_bin_Low (8-12%)",0.075,0.753,3.158
715,"int_rate_bin_Low (8-12%), fico_range_low_bin_Medium","term_ 36 months, grade_B",0.067,0.752,3.177
1199,"loan_status_Fully Paid, home_ownership_MORTGAGE, int_rate_bin_Low (8-12%)","term_ 36 months, grade_B",0.056,0.748,3.163
1157,"last_fico_range_low_bin_High, home_ownership_MORTGAGE, grade_A","fico_range_low_bin_High, int_rate_bin_Very Low (<8%)",0.051,0.748,6.314
1153,"fico_range_low_bin_High, home_ownership_MORTGAGE, grade_A, int_rate_bin_Very Low (<8%)",last_fico_range_low_bin_High,0.051,0.747,2.241
994,"fico_range_low_bin_High, home_ownership_MORTGAGE, int_rate_bin_Very Low (<8%)",last_fico_range_low_bin_High,0.051,0.747,2.24
1163,"fico_range_low_bin_High, home_ownership_MORTGAGE, int_rate_bin_Very Low (<8%)","last_fico_range_low_bin_High, grade_A",0.051,0.746,6.241
1131,"last_fico_range_low_bin_High, home_ownership_MORTGAGE, grade_A","term_ 36 months, fico_range_low_bin_High",0.051,0.744,3.327
513,"last_fico_range_low_bin_High, grade_A","term_ 36 months, fico_range_low_bin_High",0.089,0.741,3.31
620,"fico_range_low_bin_High, home_ownership_MORTGAGE, grade_A",last_fico_range_low_bin_High,0.056,0.739,2.218
1198,"loan_status_Fully Paid, home_ownership_MORTGAGE, grade_B","term_ 36 months, int_rate_bin_Low (8-12%)",0.056,0.736,3.085
607,"fico_range_low_bin_High, grade_A, int_rate_bin_Very Low (<8%)",last_fico_range_low_bin_High,0.087,0.734,2.203
360,"fico_range_low_bin_High, int_rate_bin_Very Low (<8%)",last_fico_range_low_bin_High,0.087,0.734,2.203
612,"fico_range_low_bin_High, int_rate_bin_Very Low (<8%)","last_fico_range_low_bin_High, grade_A",0.087,0.734,6.136
1129,"term_ 36 months, fico_range_low_bin_High, home_ownership_MORTGAGE, grade_A",last_fico_range_low_bin_High,0.051,0.734,2.201
1101,"term_ 36 months, fico_range_low_bin_High, grade_A, int_rate_bin_Very Low (<8%)",last_fico_range_low_bin_High,0.081,0.73,2.191
978,"term_ 36 months, fico_range_low_bin_High, int_rate_bin_Very Low (<8%)",last_fico_range_low_bin_High,0.081,0.73,2.191
1112,"term_ 36 months, fico_range_low_bin_High, int_rate_bin_Very Low (<8%)","last_fico_range_low_bin_High, grade_A",0.081,0.73,6.104
1108,"last_fico_range_low_bin_High, term_ 36 months, grade_A","fico_range_low_bin_High, int_rate_bin_Very Low (<8%)",0.081,0.728,6.147
714,"grade_B, fico_range_low_bin_Medium","term_ 36 months, int_rate_bin_Low (8-12%)",0.067,0.728,3.051
609,"last_fico_range_low_bin_High, grade_A","fico_range_low_bin_High, int_rate_bin_Very Low (<8%)",0.087,0.727,6.136
126,"fico_range_low_bin_High, grade_A",last_fico_range_low_bin_High,0.095,0.726,2.18
594,"home_ownership_MORTGAGE, grade_A, int_rate_bin_Very Low (<8%)",fico_range_low_bin_High,0.069,0.723,2.274
643,"dti_bin_Medium (20-30), int_rate_bin_Low (8-12%)","term_ 36 months, grade_B",0.061,0.722,3.053
355,"home_ownership_MORTGAGE, int_rate_bin_Very Low (<8%)",fico_range_low_bin_High,0.069,0.722,2.272
156,grade_B,"term_ 36 months, int_rate_bin_Low (8-12%)",0.212,0.722,3.028
544,"loan_status_Current, grade_A, int_rate_bin_Very Low (<8%)",fico_range_low_bin_High,0.055,0.722,2.272
599,"home_ownership_MORTGAGE, int_rate_bin_Very Low (<8%)","fico_range_low_bin_High, grade_A",0.069,0.722,5.497
510,"term_ 36 months, fico_range_low_bin_High, grade_A",last_fico_range_low_bin_High,0.089,0.722,2.165
345,"loan_status_Current, int_rate_bin_Very Low (<8%)",fico_range_low_bin_High,0.055,0.721,2.27
549,"loan_status_Current, int_rate_bin_Very Low (<8%)","fico_range_low_bin_High, grade_A",0.055,0.721,5.491
312,"term_ 36 months, int_rate_bin_High (16-20%)",grade_D,0.065,0.721,5.024
157,int_rate_bin_Low (8-12%),"term_ 36 months, grade_B",0.212,0.721,3.047
642,"dti_bin_Medium (20-30), grade_B","term_ 36 months, int_rate_bin_Low (8-12%)",0.061,0.718,3.012
634,"grade_B, dti_bin_Low (10-20)","term_ 36 months, int_rate_bin_Low (8-12%)",0.091,0.717,3.005
635,"dti_bin_Low (10-20), int_rate_bin_Low (8-12%)","term_ 36 months, grade_B",0.091,0.716,3.026
1076,"term_ 36 months, home_ownership_MORTGAGE, grade_A, int_rate_bin_Very Low (<8%)",fico_range_low_bin_High,0.064,0.715,2.249
969,"term_ 36 months, home_ownership_MORTGAGE, int_rate_bin_Very Low (<8%)",fico_range_low_bin_High,0.064,0.715,2.248
1085,"term_ 36 months, home_ownership_MORTGAGE, int_rate_bin_Very Low (<8%)","fico_range_low_bin_High, grade_A",0.064,0.714,5.44
121,"home_ownership_MORTGAGE, grade_A",fico_range_low_bin_High,0.076,0.707,2.226
111,"loan_status_Current, grade_A",fico_range_low_bin_High,0.061,0.704,2.215
320,"last_fico_range_low_bin_Low, int_rate_bin_High (16-20%)",grade_D,0.059,0.703,4.898
86,"grade_A, int_rate_bin_Very Low (<8%)",fico_range_low_bin_High,0.118,0.702,2.207
324,"fico_range_low_bin_Low, int_rate_bin_High (16-20%)",grade_D,0.064,0.702,4.889
47,int_rate_bin_Very Low (<8%),fico_range_low_bin_High,0.118,0.701,2.205
89,int_rate_bin_Very Low (<8%),"fico_range_low_bin_High, grade_A",0.118,0.7,5.334
1130,"last_fico_range_low_bin_High, term_ 36 months, fico_range_low_bin_High, home_ownership_MORTGAGE",grade_A,0.051,0.7,3.657
501,"term_ 36 months, home_ownership_MORTGAGE, grade_A",fico_range_low_bin_High,0.07,0.699,2.199
477,"term_ 36 months, loan_status_Current, grade_A",fico_range_low_bin_High,0.055,0.696,2.188
426,"term_ 36 months, grade_A, int_rate_bin_Very Low (<8%)",fico_range_low_bin_High,0.111,0.695,2.185
331,"term_ 36 months, int_rate_bin_Very Low (<8%)",fico_range_low_bin_High,0.111,0.694,2.184
429,"term_ 36 months, int_rate_bin_Very Low (<8%)","fico_range_low_bin_High, grade_A",0.111,0.694,5.285
890,"grade_C, installment_bin_Low","term_ 36 months, int_rate_bin_Medium (12-16%)",0.07,0.693,3.571
572,"loan_status_Fully Paid, grade_A, int_rate_bin_Very Low (<8%)",fico_range_low_bin_High,0.06,0.691,2.174
349,"loan_status_Fully Paid, int_rate_bin_Very Low (<8%)",fico_range_low_bin_High,0.06,0.69,2.171
577,"loan_status_Fully Paid, int_rate_bin_Very Low (<8%)","fico_range_low_bin_High, grade_A",0.06,0.69,5.254
521,"dti_bin_Low (10-20), grade_A, int_rate_bin_Very Low (<8%)",fico_range_low_bin_High,0.053,0.688,2.165
339,"dti_bin_Low (10-20), int_rate_bin_Very Low (<8%)",fico_range_low_bin_High,0.053,0.688,2.163
1105,"fico_range_low_bin_High, grade_A, int_rate_bin_Very Low (<8%)","last_fico_range_low_bin_High, term_ 36 months",0.081,0.687,2.848
528,"dti_bin_Low (10-20), int_rate_bin_Very Low (<8%)","fico_range_low_bin_High, grade_A",0.053,0.687,5.233
1030,"term_ 36 months, loan_status_Fully Paid, grade_A, int_rate_bin_Very Low (<8%)",fico_range_low_bin_High,0.058,0.687,2.162
984,"fico_range_low_bin_High, int_rate_bin_Very Low (<8%)","last_fico_range_low_bin_High, term_ 36 months",0.081,0.687,2.847
1119,"fico_range_low_bin_High, int_rate_bin_Very Low (<8%)","last_fico_range_low_bin_High, term_ 36 months, grade_A",0.081,0.687,6.147
28,int_rate_bin_High (16-20%),grade_D,0.114,0.687,4.787
955,"term_ 36 months, loan_status_Fully Paid, int_rate_bin_Very Low (<8%)",fico_range_low_bin_High,0.058,0.686,2.16
1040,"term_ 36 months, loan_status_Fully Paid, int_rate_bin_Very Low (<8%)","fico_range_low_bin_High, grade_A",0.058,0.686,5.226
3,grade_A,fico_range_low_bin_High,0.131,0.686,2.157
737,"installment_bin_Medium, int_rate_bin_Low (8-12%)","term_ 36 months, grade_B",0.069,0.683,2.886
1115,"last_fico_range_low_bin_High, grade_A","term_ 36 months, fico_range_low_bin_High, int_rate_bin_Very Low (<8%)",0.081,0.681,6.104
1004,"last_fico_range_low_bin_High, home_ownership_MORTGAGE, loan_status_Current",fico_range_low_bin_High,0.051,0.68,2.138
316,"home_ownership_MORTGAGE, int_rate_bin_High (16-20%)",grade_D,0.051,0.679,4.735
736,"installment_bin_Medium, grade_B","term_ 36 months, int_rate_bin_Low (8-12%)",0.069,0.679,2.846
57,"term_ 36 months, grade_A",fico_range_low_bin_High,0.123,0.678,2.134
1158,"fico_range_low_bin_High, home_ownership_MORTGAGE, grade_A","last_fico_range_low_bin_High, int_rate_bin_Very Low (<8%)",0.051,0.678,6.289
891,"int_rate_bin_Medium (12-16%), installment_bin_Low","term_ 36 months, grade_C",0.07,0.677,3.646
115,"loan_status_Fully Paid, grade_A",fico_range_low_bin_High,0.066,0.676,2.128
516,"fico_range_low_bin_High, grade_A","last_fico_range_low_bin_High, term_ 36 months",0.089,0.675,2.795
1132,"fico_range_low_bin_High, home_ownership_MORTGAGE, grade_A","last_fico_range_low_bin_High, term_ 36 months",0.051,0.674,2.793
1033,"loan_status_Fully Paid, grade_A, int_rate_bin_Very Low (<8%)","term_ 36 months, fico_range_low_bin_High",0.058,0.673,3.006
959,"loan_status_Fully Paid, int_rate_bin_Very Low (<8%)","term_ 36 months, fico_range_low_bin_High",0.058,0.672,3.001
1047,"loan_status_Fully Paid, int_rate_bin_Very Low (<8%)","term_ 36 months, fico_range_low_bin_High, grade_A",0.058,0.671,5.468
489,"term_ 36 months, loan_status_Fully Paid, grade_A",fico_range_low_bin_High,0.064,0.671,2.112
104,"dti_bin_Low (10-20), grade_A",fico_range_low_bin_High,0.059,0.671,2.112
666,"grade_B, home_ownership_MORTGAGE","term_ 36 months, int_rate_bin_Low (8-12%)",0.098,0.671,2.814
1079,"home_ownership_MORTGAGE, grade_A, int_rate_bin_Very Low (<8%)","term_ 36 months, fico_range_low_bin_High",0.064,0.671,2.997
973,"home_ownership_MORTGAGE, int_rate_bin_Very Low (<8%)","term_ 36 months, fico_range_low_bin_High",0.064,0.67,2.994
1092,"home_ownership_MORTGAGE, int_rate_bin_Very Low (<8%)","term_ 36 months, fico_range_low_bin_High, grade_A",0.064,0.67,5.455
667,"home_ownership_MORTGAGE, int_rate_bin_Low (8-12%)","term_ 36 months, grade_B",0.098,0.666,2.816
841,"loan_status_Fully Paid, grade_C","term_ 36 months, int_rate_bin_Medium (12-16%)",0.087,0.665,3.428
538,"loan_status_Current, int_rate_bin_Very Low (<8%)","last_fico_range_low_bin_High, grade_A",0.05,0.664,5.556
464,"term_ 36 months, dti_bin_Low (10-20), grade_A",fico_range_low_bin_High,0.055,0.663,2.087
1109,"term_ 36 months, fico_range_low_bin_High, grade_A","last_fico_range_low_bin_High, int_rate_bin_Very Low (<8%)",0.081,0.663,6.155
611,"fico_range_low_bin_High, grade_A","last_fico_range_low_bin_High, int_rate_bin_Very Low (<8%)",0.087,0.662,6.147
650,"grade_B, loan_status_Current","term_ 36 months, int_rate_bin_Low (8-12%)",0.077,0.662,2.776
432,"grade_A, int_rate_bin_Very Low (<8%)","term_ 36 months, fico_range_low_bin_High",0.111,0.66,2.952
333,int_rate_bin_Very Low (<8%),"term_ 36 months, fico_range_low_bin_High",0.111,0.659,2.947
435,int_rate_bin_Very Low (<8%),"term_ 36 months, fico_range_low_bin_High, grade_A",0.111,0.659,5.37
508,"last_fico_range_low_bin_High, term_ 36 months, fico_range_low_bin_High",grade_A,0.089,0.658,3.434
988,"last_fico_range_low_bin_High, term_ 36 months, loan_status_Current",fico_range_low_bin_High,0.06,0.658,2.069
493,"loan_status_Fully Paid, grade_A","term_ 36 months, fico_range_low_bin_High",0.064,0.654,2.924
567,"loan_status_Fully Paid, int_rate_bin_Very Low (<8%)","last_fico_range_low_bin_High, grade_A",0.057,0.654,5.466
744,"installment_bin_High, grade_B","term_ 36 months, int_rate_bin_Low (8-12%)",0.055,0.653,2.739
588,"home_ownership_MORTGAGE, int_rate_bin_Very Low (<8%)","last_fico_range_low_bin_High, grade_A",0.062,0.653,5.456
1018,"term_ 36 months, loan_status_Fully Paid, int_rate_bin_Very Low (<8%)","last_fico_range_low_bin_High, grade_A",0.055,0.651,5.446
745,"installment_bin_High, int_rate_bin_Low (8-12%)","term_ 36 months, grade_B",0.055,0.651,2.752
505,"home_ownership_MORTGAGE, grade_A","term_ 36 months, fico_range_low_bin_High",0.07,0.65,2.906
696,"last_fico_range_low_bin_High, grade_B","term_ 36 months, int_rate_bin_Low (8-12%)",0.071,0.65,2.723
1062,"term_ 36 months, home_ownership_MORTGAGE, int_rate_bin_Very Low (<8%)","last_fico_range_low_bin_High, grade_A",0.058,0.646,5.403
372,"last_fico_range_low_bin_High, loan_status_Current",fico_range_low_bin_High,0.092,0.644,2.026
882,"fico_range_low_bin_Low, grade_C","term_ 36 months, int_rate_bin_Medium (12-16%)",0.089,0.644,3.317
883,"fico_range_low_bin_Low, int_rate_bin_Medium (12-16%)","term_ 36 months, grade_C",0.089,0.644,3.465
598,"home_ownership_MORTGAGE, grade_A","fico_range_low_bin_High, int_rate_bin_Very Low (<8%)",0.069,0.642,5.417
59,grade_A,"term_ 36 months, fico_range_low_bin_High",0.123,0.641,2.865
44,int_rate_bin_Very High (>20%),term_ 60 months,0.05,0.64,2.224
1081,"term_ 36 months, home_ownership_MORTGAGE, grade_A","fico_range_low_bin_High, int_rate_bin_Very Low (<8%)",0.064,0.64,5.401
1012,"loan_status_Fully Paid, grade_A, int_rate_bin_Very Low (<8%)","last_fico_range_low_bin_High, term_ 36 months",0.055,0.638,2.644
952,"loan_status_Fully Paid, int_rate_bin_Very Low (<8%)","last_fico_range_low_bin_High, term_ 36 months",0.055,0.637,2.641
1025,"loan_status_Fully Paid, int_rate_bin_Very Low (<8%)","last_fico_range_low_bin_High, term_ 36 months, grade_A",0.055,0.637,5.701
83,int_rate_bin_Very Low (<8%),"last_fico_range_low_bin_High, grade_A",0.108,0.637,5.324
651,"loan_status_Current, int_rate_bin_Low (8-12%)","term_ 36 months, grade_B",0.077,0.635,2.683
481,"loan_status_Current, grade_A","term_ 36 months, fico_range_low_bin_High",0.055,0.634,2.832
858,"grade_C, home_ownership_RENT","term_ 36 months, int_rate_bin_Medium (12-16%)",0.076,0.633,3.265
548,"loan_status_Current, grade_A","fico_range_low_bin_High, int_rate_bin_Very Low (<8%)",0.055,0.633,5.342
420,"term_ 36 months, int_rate_bin_Very Low (<8%)","last_fico_range_low_bin_High, grade_A",0.101,0.631,5.278
697,"last_fico_range_low_bin_High, int_rate_bin_Low (8-12%)","term_ 36 months, grade_B",0.071,0.627,2.649
866,"last_fico_range_low_bin_Low, grade_C","term_ 36 months, int_rate_bin_Medium (12-16%)",0.074,0.625,3.22
467,"dti_bin_Low (10-20), grade_A","term_ 36 months, fico_range_low_bin_High",0.055,0.624,2.791
486,"loan_status_Fully Paid, grade_A","last_fico_range_low_bin_High, term_ 36 months",0.061,0.623,2.58
859,"int_rate_bin_Medium (12-16%), home_ownership_RENT","term_ 36 months, grade_C",0.076,0.622,3.347
1116,"fico_range_low_bin_High, grade_A","last_fico_range_low_bin_High, term_ 36 months, int_rate_bin_Very Low (<8%)",0.081,0.62,6.111
88,grade_A,"fico_range_low_bin_High, int_rate_bin_Very Low (<8%)",0.118,0.618,5.218
428,"term_ 36 months, grade_A","fico_range_low_bin_High, int_rate_bin_Very Low (<8%)",0.111,0.616,5.198
576,"loan_status_Fully Paid, grade_A","fico_range_low_bin_High, int_rate_bin_Very Low (<8%)",0.06,0.613,5.174
867,"last_fico_range_low_bin_Low, int_rate_bin_Medium (12-16%)","term_ 36 months, grade_C",0.074,0.613,3.3
1037,"term_ 36 months, loan_status_Fully Paid, grade_A","fico_range_low_bin_High, int_rate_bin_Very Low (<8%)",0.058,0.612,5.166
524,"dti_bin_Low (10-20), grade_A","fico_range_low_bin_High, int_rate_bin_Very Low (<8%)",0.053,0.608,5.133
1056,"home_ownership_MORTGAGE, grade_A, int_rate_bin_Very Low (<8%)","last_fico_range_low_bin_High, term_ 36 months",0.058,0.607,2.513
966,"home_ownership_MORTGAGE, int_rate_bin_Very Low (<8%)","last_fico_range_low_bin_High, term_ 36 months",0.058,0.606,2.51
1069,"home_ownership_MORTGAGE, int_rate_bin_Very Low (<8%)","last_fico_range_low_bin_High, term_ 36 months, grade_A",0.058,0.606,5.42
465,"term_ 36 months, fico_range_low_bin_High, dti_bin_Low (10-20)",grade_A,0.055,0.605,3.158
976,"last_fico_range_low_bin_High, term_ 36 months, fico_range_low_bin_High",int_rate_bin_Very Low (<8%),0.081,0.604,3.575
1113,"last_fico_range_low_bin_High, term_ 36 months, fico_range_low_bin_High","grade_A, int_rate_bin_Very Low (<8%)",0.081,0.604,3.581
500,"term_ 36 months, fico_range_low_bin_High, home_ownership_MORTGAGE",grade_A,0.07,0.602,3.145
421,"grade_A, int_rate_bin_Very Low (<8%)","last_fico_range_low_bin_High, term_ 36 months",0.101,0.601,2.489
329,int_rate_bin_Very Low (<8%),"last_fico_range_low_bin_High, term_ 36 months",0.101,0.6,2.486
423,int_rate_bin_Very Low (<8%),"last_fico_range_low_bin_High, term_ 36 months, grade_A",0.101,0.6,5.366
843,"loan_status_Fully Paid, int_rate_bin_Medium (12-16%)","term_ 36 months, grade_C",0.087,0.598,3.22
476,"term_ 36 months, fico_range_low_bin_High, loan_status_Current",grade_A,0.055,0.598,3.121
1044,"loan_status_Fully Paid, grade_A","term_ 36 months, fico_range_low_bin_High, int_rate_bin_Very Low (<8%)",0.058,0.597,5.351
1088,"home_ownership_MORTGAGE, grade_A","term_ 36 months, fico_range_low_bin_High, int_rate_bin_Very Low (<8%)",0.064,0.595,5.34
722,"fico_range_low_bin_High, grade_B","term_ 36 months, int_rate_bin_Low (8-12%)",0.059,0.593,2.485
1165,"last_fico_range_low_bin_High, fico_range_low_bin_High, int_rate_bin_Very Low (<8%)","home_ownership_MORTGAGE, grade_A",0.051,0.592,5.51
498,"home_ownership_MORTGAGE, grade_A","last_fico_range_low_bin_High, term_ 36 months",0.063,0.589,2.438
337,loan_status_Charged Off,"last_fico_range_low_bin_Low, term_ 36 months",0.069,0.585,2.375
55,grade_A,"last_fico_range_low_bin_High, term_ 36 months",0.112,0.583,2.417
474,"loan_status_Current, grade_A","last_fico_range_low_bin_High, term_ 36 months",0.05,0.583,2.417
537,"loan_status_Current, grade_A","last_fico_range_low_bin_High, int_rate_bin_Very Low (<8%)",0.05,0.583,5.415
462,"dti_bin_Low (10-20), grade_A","last_fico_range_low_bin_High, term_ 36 months",0.051,0.583,2.413
557,"loan_status_Fully Paid, int_rate_bin_Very Low (<8%)","home_ownership_MORTGAGE, grade_A",0.051,0.582,5.419
434,grade_A,"term_ 36 months, fico_range_low_bin_High, int_rate_bin_Very Low (<8%)",0.111,0.582,5.22
597,"fico_range_low_bin_High, int_rate_bin_Very Low (<8%)","home_ownership_MORTGAGE, grade_A",0.069,0.582,5.417
566,"loan_status_Fully Paid, grade_A","last_fico_range_low_bin_High, int_rate_bin_Very Low (<8%)",0.057,0.581,5.393
1015,"term_ 36 months, loan_status_Fully Paid, grade_A","last_fico_range_low_bin_High, int_rate_bin_Very Low (<8%)",0.055,0.581,5.393
587,"home_ownership_MORTGAGE, grade_A","last_fico_range_low_bin_High, int_rate_bin_Very Low (<8%)",0.062,0.58,5.387
1058,"term_ 36 months, home_ownership_MORTGAGE, grade_A","last_fico_range_low_bin_High, int_rate_bin_Very Low (<8%)",0.058,0.579,5.374
586,"last_fico_range_low_bin_High, int_rate_bin_Very Low (<8%)","home_ownership_MORTGAGE, grade_A",0.062,0.579,5.387
1087,"term_ 36 months, fico_range_low_bin_High, int_rate_bin_Very Low (<8%)","home_ownership_MORTGAGE, grade_A",0.064,0.574,5.34
1064,"last_fico_range_low_bin_High, term_ 36 months, int_rate_bin_Very Low (<8%)","home_ownership_MORTGAGE, grade_A",0.058,0.57,5.309
1022,"loan_status_Fully Paid, grade_A","last_fico_range_low_bin_High, term_ 36 months, int_rate_bin_Very Low (<8%)",0.055,0.566,5.582
75,int_rate_bin_Very Low (<8%),"home_ownership_MORTGAGE, grade_A",0.095,0.564,5.251
82,grade_A,"last_fico_range_low_bin_High, int_rate_bin_Very Low (<8%)",0.108,0.562,5.217
419,"term_ 36 months, grade_A","last_fico_range_low_bin_High, int_rate_bin_Very Low (<8%)",0.101,0.56,5.201
246,grade_C,"term_ 36 months, int_rate_bin_Medium (12-16%)",0.161,0.559,2.884
401,"term_ 36 months, int_rate_bin_Very Low (<8%)","home_ownership_MORTGAGE, grade_A",0.089,0.557,5.185
723,"fico_range_low_bin_High, int_rate_bin_Low (8-12%)","term_ 36 months, grade_B",0.059,0.556,2.351
835,"dti_bin_Medium (20-30), grade_C","term_ 36 months, int_rate_bin_Medium (12-16%)",0.051,0.556,2.864
472,"last_fico_range_low_bin_High, term_ 36 months, loan_status_Current",grade_A,0.05,0.553,2.886
968,"term_ 36 months, fico_range_low_bin_High, home_ownership_MORTGAGE",int_rate_bin_Very Low (<8%),0.064,0.552,3.263
1086,"term_ 36 months, fico_range_low_bin_High, home_ownership_MORTGAGE","grade_A, int_rate_bin_Very Low (<8%)",0.064,0.552,3.268
833,"dti_bin_Medium (20-30), int_rate_bin_Medium (12-16%)","term_ 36 months, grade_C",0.051,0.551,2.968
873,"int_rate_bin_Medium (12-16%), last_fico_range_low_bin_Medium","term_ 36 months, grade_C",0.054,0.55,2.964
247,int_rate_bin_Medium (12-16%),"term_ 36 months, grade_C",0.161,0.549,2.958
56,"term_ 36 months, fico_range_low_bin_High",grade_A,0.123,0.549,2.865
826,"grade_C, dti_bin_Low (10-20)","term_ 36 months, int_rate_bin_Medium (12-16%)",0.062,0.548,2.826
1017,"last_fico_range_low_bin_High, term_ 36 months, int_rate_bin_Very Low (<8%)","loan_status_Fully Paid, grade_A",0.055,0.545,5.582
488,"loan_status_Fully Paid, term_ 36 months, fico_range_low_bin_High",grade_A,0.064,0.545,2.844
872,"grade_C, last_fico_range_low_bin_Medium","term_ 36 months, int_rate_bin_Medium (12-16%)",0.054,0.544,2.804
1156,"home_ownership_MORTGAGE, grade_A, int_rate_bin_Very Low (<8%)","last_fico_range_low_bin_High, fico_range_low_bin_High",0.051,0.54,2.897
1094,"fico_range_low_bin_High, int_rate_bin_Very Low (<8%)","term_ 36 months, home_ownership_MORTGAGE, grade_A",0.064,0.54,5.401
1161,"last_fico_range_low_bin_High, fico_range_low_bin_High, grade_A","home_ownership_MORTGAGE, int_rate_bin_Very Low (<8%)",0.051,0.54,5.651
1000,"home_ownership_MORTGAGE, int_rate_bin_Very Low (<8%)","last_fico_range_low_bin_High, fico_range_low_bin_High",0.051,0.539,2.893
1170,"home_ownership_MORTGAGE, int_rate_bin_Very Low (<8%)","last_fico_range_low_bin_High, fico_range_low_bin_High, grade_A",0.051,0.539,5.651
1065,"home_ownership_MORTGAGE, grade_A","last_fico_range_low_bin_High, term_ 36 months, int_rate_bin_Very Low (<8%)",0.058,0.539,5.309
1071,"last_fico_range_low_bin_High, int_rate_bin_Very Low (<8%)","term_ 36 months, home_ownership_MORTGAGE, grade_A",0.058,0.537,5.374
827,"int_rate_bin_Medium (12-16%), dti_bin_Low (10-20)","term_ 36 months, grade_C",0.062,0.531,2.858
422,grade_A,"last_fico_range_low_bin_High, term_ 36 months, int_rate_bin_Very Low (<8%)",0.101,0.529,5.219
559,"home_ownership_MORTGAGE, int_rate_bin_Very Low (<8%)","loan_status_Fully Paid, grade_A",0.051,0.529,5.416
405,int_rate_bin_Very Low (<8%),"term_ 36 months, home_ownership_MORTGAGE, grade_A",0.089,0.529,5.295
393,"term_ 36 months, int_rate_bin_Very Low (<8%)","loan_status_Fully Paid, grade_A",0.085,0.528,5.406
565,"last_fico_range_low_bin_High, int_rate_bin_Very Low (<8%)","loan_status_Fully Paid, grade_A",0.057,0.527,5.393
618,"last_fico_range_low_bin_High, fico_range_low_bin_High, home_ownership_MORTGAGE",grade_A,0.056,0.527,2.751
596,"fico_range_low_bin_High, grade_A","home_ownership_MORTGAGE, int_rate_bin_Very Low (<8%)",0.069,0.525,5.497
626,"home_ownership_MORTGAGE, grade_A","last_fico_range_low_bin_High, fico_range_low_bin_High",0.056,0.523,2.807
1039,"term_ 36 months, fico_range_low_bin_High, int_rate_bin_Very Low (<8%)","loan_status_Fully Paid, grade_A",0.058,0.523,5.351
898,"term_ 60 months, int_rate_bin_Medium (12-16%)","grade_C, home_ownership_MORTGAGE",0.052,0.522,3.849
818,"fico_range_low_bin_High, grade_B","last_fico_range_low_bin_High, int_rate_bin_Low (8-12%)",0.052,0.522,4.636
585,"last_fico_range_low_bin_High, grade_A","home_ownership_MORTGAGE, int_rate_bin_Very Low (<8%)",0.062,0.521,5.456
1083,"term_ 36 months, fico_range_low_bin_High, grade_A","home_ownership_MORTGAGE, int_rate_bin_Very Low (<8%)",0.064,0.521,5.455
496,"last_fico_range_low_bin_High, term_ 36 months, home_ownership_MORTGAGE",grade_A,0.063,0.519,2.71
1060,"last_fico_range_low_bin_High, term_ 36 months, grade_A","home_ownership_MORTGAGE, int_rate_bin_Very Low (<8%)",0.058,0.518,5.42
556,"loan_status_Fully Paid, grade_A","home_ownership_MORTGAGE, int_rate_bin_Very Low (<8%)",0.051,0.517,5.416
1200,"term_ 36 months, grade_B, home_ownership_MORTGAGE","loan_status_Fully Paid, int_rate_bin_Low (8-12%)",0.056,0.516,3.522
613,"grade_A, int_rate_bin_Very Low (<8%)","last_fico_range_low_bin_High, fico_range_low_bin_High",0.087,0.515,2.765
363,int_rate_bin_Very Low (<8%),"last_fico_range_low_bin_High, fico_range_low_bin_High",0.087,0.515,2.761
617,int_rate_bin_Very Low (<8%),"last_fico_range_low_bin_High, fico_range_low_bin_High, grade_A",0.087,0.514,5.392
1024,"last_fico_range_low_bin_High, int_rate_bin_Very Low (<8%)","term_ 36 months, loan_status_Fully Paid, grade_A",0.055,0.514,5.393
1133,"term_ 36 months, home_ownership_MORTGAGE, grade_A","last_fico_range_low_bin_High, fico_range_low_bin_High",0.051,0.513,2.751
71,int_rate_bin_Very Low (<8%),"loan_status_Fully Paid, grade_A",0.087,0.513,5.247
124,"last_fico_range_low_bin_High, fico_range_low_bin_High",grade_A,0.095,0.512,2.673
371,loan_status_Charged Off,"last_fico_range_low_bin_Low, fico_range_low_bin_Low",0.061,0.51,2.58
944,"last_fico_range_low_bin_Low, grade_C","fico_range_low_bin_Low, int_rate_bin_Medium (12-16%)",0.061,0.51,3.697
1106,"term_ 36 months, grade_A, int_rate_bin_Very Low (<8%)","last_fico_range_low_bin_High, fico_range_low_bin_High",0.081,0.507,2.722
1201,"term_ 36 months, home_ownership_MORTGAGE, int_rate_bin_Low (8-12%)","loan_status_Fully Paid, grade_B",0.056,0.507,3.371
983,"term_ 36 months, int_rate_bin_Very Low (<8%)","last_fico_range_low_bin_High, fico_range_low_bin_High",0.081,0.507,2.72
1120,"term_ 36 months, int_rate_bin_Very Low (<8%)","last_fico_range_low_bin_High, fico_range_low_bin_High, grade_A",0.081,0.507,5.312
896,"grade_C, term_ 60 months","home_ownership_MORTGAGE, int_rate_bin_Medium (12-16%)",0.052,0.506,3.655
785,"last_fico_range_low_bin_High, grade_B","loan_status_Fully Paid, int_rate_bin_Low (8-12%)",0.055,0.506,3.451
575,"fico_range_low_bin_High, int_rate_bin_Very Low (<8%)","loan_status_Fully Paid, grade_A",0.06,0.506,5.174
397,int_rate_bin_Very Low (<8%),"term_ 36 months, loan_status_Fully Paid, grade_A",0.085,0.502,5.269
1186,"term_ 36 months, grade_B, dti_bin_Low (10-20)","loan_status_Fully Paid, int_rate_bin_Low (8-12%)",0.051,0.502,3.423
808,"fico_range_low_bin_High, grade_B","home_ownership_MORTGAGE, int_rate_bin_Low (8-12%)",0.05,0.501,3.4
945,"last_fico_range_low_bin_Low, int_rate_bin_Medium (12-16%)","fico_range_low_bin_Low, grade_C",0.061,0.5,3.627
1187,"term_ 36 months, dti_bin_Low (10-20), int_rate_bin_Low (8-12%)","loan_status_Fully Paid, grade_B",0.051,0.499,3.313
330,"term_ 36 months, fico_range_low_bin_High",int_rate_bin_Very Low (<8%),0.111,0.498,2.947
427,"term_ 36 months, fico_range_low_bin_High","grade_A, int_rate_bin_Very Low (<8%)",0.111,0.498,2.952
129,grade_A,"last_fico_range_low_bin_High, fico_range_low_bin_High",0.095,0.498,2.673
74,grade_A,"home_ownership_MORTGAGE, int_rate_bin_Very Low (<8%)",0.095,0.498,5.213
954,"loan_status_Fully Paid, term_ 36 months, fico_range_low_bin_High",int_rate_bin_Very Low (<8%),0.058,0.497,2.939
1041,"term_ 36 months, fico_range_low_bin_High, loan_status_Fully Paid","grade_A, int_rate_bin_Very Low (<8%)",0.058,0.497,2.944
991,"fico_range_low_bin_High, loan_status_Fully Paid","last_fico_range_low_bin_High, term_ 36 months",0.074,0.496,2.053
1014,"last_fico_range_low_bin_High, term_ 36 months, grade_A","loan_status_Fully Paid, int_rate_bin_Very Low (<8%)",0.055,0.495,5.701
400,"term_ 36 months, grade_A","home_ownership_MORTGAGE, int_rate_bin_Very Low (<8%)",0.089,0.494,5.176
460,"last_fico_range_low_bin_High, term_ 36 months, dti_bin_Low (10-20)",grade_A,0.051,0.493,2.575
1046,"fico_range_low_bin_High, int_rate_bin_Very Low (<8%)","term_ 36 months, loan_status_Fully Paid, grade_A",0.058,0.492,5.166
819,"fico_range_low_bin_High, int_rate_bin_Low (8-12%)","last_fico_range_low_bin_High, grade_B",0.052,0.49,4.509
515,"term_ 36 months, grade_A","last_fico_range_low_bin_High, fico_range_low_bin_High",0.089,0.489,2.626
784,"last_fico_range_low_bin_High, int_rate_bin_Low (8-12%)","loan_status_Fully Paid, grade_B",0.055,0.488,3.244
658,"term_ 36 months, grade_B","loan_status_Fully Paid, int_rate_bin_Low (8-12%)",0.115,0.488,3.328
1090,"fico_range_low_bin_High, grade_A","term_ 36 months, home_ownership_MORTGAGE, int_rate_bin_Very Low (<8%)",0.064,0.487,5.44
850,"grade_C, home_ownership_MORTGAGE","term_ 36 months, int_rate_bin_Medium (12-16%)",0.066,0.485,2.497
656,"term_ 36 months, int_rate_bin_Low (8-12%)","loan_status_Fully Paid, grade_B",0.115,0.484,3.215
1067,"last_fico_range_low_bin_High, grade_A","term_ 36 months, home_ownership_MORTGAGE, int_rate_bin_Very Low (<8%)",0.058,0.484,5.403
992,"last_fico_range_low_bin_High, fico_range_low_bin_High, home_ownership_MORTGAGE",int_rate_bin_Very Low (<8%),0.051,0.483,2.856
1164,"last_fico_range_low_bin_High, fico_range_low_bin_High, home_ownership_MORTGAGE","grade_A, int_rate_bin_Very Low (<8%)",0.051,0.483,2.861
1114,"grade_A, int_rate_bin_Very Low (<8%)","last_fico_range_low_bin_High, term_ 36 months, fico_range_low_bin_High",0.081,0.482,3.581
987,int_rate_bin_Very Low (<8%),"last_fico_range_low_bin_High, term_ 36 months, fico_range_low_bin_High",0.081,0.482,3.575
1125,int_rate_bin_Very Low (<8%),"last_fico_range_low_bin_High, term_ 36 months, fico_range_low_bin_High, grade_A",0.081,0.481,5.435
1136,"last_fico_range_low_bin_High, fico_range_low_bin_High, home_ownership_MORTGAGE","term_ 36 months, grade_A",0.051,0.481,2.655
816,"last_fico_range_low_bin_High, grade_B","fico_range_low_bin_High, int_rate_bin_Low (8-12%)",0.052,0.48,4.509
1166,"home_ownership_MORTGAGE, grade_A","last_fico_range_low_bin_High, fico_range_low_bin_High, int_rate_bin_Very Low (<8%)",0.051,0.479,5.51
800,"last_fico_range_low_bin_High, grade_B","home_ownership_MORTGAGE, int_rate_bin_Low (8-12%)",0.052,0.478,3.249
1159,"last_fico_range_low_bin_High, grade_A, int_rate_bin_Very Low (<8%)","fico_range_low_bin_High, home_ownership_MORTGAGE",0.051,0.478,2.739
997,"last_fico_range_low_bin_High, int_rate_bin_Very Low (<8%)","fico_range_low_bin_High, home_ownership_MORTGAGE",0.051,0.478,2.738
1173,"last_fico_range_low_bin_High, int_rate_bin_Very Low (<8%)","fico_range_low_bin_High, home_ownership_MORTGAGE, grade_A",0.051,0.478,6.289
880,"term_ 36 months, grade_C","fico_range_low_bin_Low, int_rate_bin_Medium (12-16%)",0.089,0.478,3.465
1140,"home_ownership_MORTGAGE, grade_A","last_fico_range_low_bin_High, term_ 36 months, fico_range_low_bin_High",0.051,0.477,3.542
512,"last_fico_range_low_bin_High, fico_range_low_bin_High","term_ 36 months, grade_A",0.089,0.475,2.626
962,"last_fico_range_low_bin_High, term_ 36 months, home_ownership_MORTGAGE",int_rate_bin_Very Low (<8%),0.058,0.475,2.811
1063,"last_fico_range_low_bin_High, term_ 36 months, home_ownership_MORTGAGE","grade_A, int_rate_bin_Very Low (<8%)",0.058,0.475,2.815
1036,"term_ 36 months, fico_range_low_bin_High, grade_A","loan_status_Fully Paid, int_rate_bin_Very Low (<8%)",0.058,0.475,5.468
564,"last_fico_range_low_bin_High, grade_A","loan_status_Fully Paid, int_rate_bin_Very Low (<8%)",0.057,0.475,5.466
851,"home_ownership_MORTGAGE, int_rate_bin_Medium (12-16%)","term_ 36 months, grade_C",0.066,0.474,2.554
795,"grade_B, installment_bin_Low","loan_status_Fully Paid, int_rate_bin_Low (8-12%)",0.051,0.472,3.217
558,"home_ownership_MORTGAGE, grade_A","loan_status_Fully Paid, int_rate_bin_Very Low (<8%)",0.051,0.471,5.419
623,"last_fico_range_low_bin_High, grade_A","fico_range_low_bin_High, home_ownership_MORTGAGE",0.056,0.47,2.691
809,"fico_range_low_bin_High, int_rate_bin_Low (8-12%)","grade_B, home_ownership_MORTGAGE",0.05,0.47,3.214
840,"term_ 36 months, grade_C","loan_status_Fully Paid, int_rate_bin_Medium (12-16%)",0.087,0.469,3.22
392,"term_ 36 months, grade_A","loan_status_Fully Paid, int_rate_bin_Very Low (<8%)",0.085,0.469,5.398
536,"last_fico_range_low_bin_High, int_rate_bin_Very Low (<8%)","loan_status_Current, grade_A",0.05,0.468,5.415
794,"int_rate_bin_Low (8-12%), installment_bin_Low","loan_status_Fully Paid, grade_B",0.051,0.468,3.11
404,grade_A,"term_ 36 months, home_ownership_MORTGAGE, int_rate_bin_Very Low (<8%)",0.089,0.467,5.217
358,"last_fico_range_low_bin_High, fico_range_low_bin_High",int_rate_bin_Very Low (<8%),0.087,0.467,2.761
608,"last_fico_range_low_bin_High, fico_range_low_bin_High","grade_A, int_rate_bin_Very Low (<8%)",0.087,0.467,2.765
771,"grade_B, loan_status_Current","home_ownership_MORTGAGE, int_rate_bin_Low (8-12%)",0.054,0.466,3.165
817,"last_fico_range_low_bin_High, int_rate_bin_Low (8-12%)","fico_range_low_bin_High, grade_B",0.052,0.463,4.636
54,"last_fico_range_low_bin_High, term_ 36 months",grade_A,0.112,0.463,2.417
105,"fico_range_low_bin_High, dti_bin_Low (10-20)",grade_A,0.059,0.463,2.415
1021,"last_fico_range_low_bin_High, grade_A","term_ 36 months, loan_status_Fully Paid, int_rate_bin_Very Low (<8%)",0.055,0.462,5.446
519,grade_A,"last_fico_range_low_bin_High, term_ 36 months, fico_range_low_bin_High",0.089,0.462,3.434
547,"fico_range_low_bin_High, int_rate_bin_Very Low (<8%)","loan_status_Current, grade_A",0.055,0.462,5.342
801,"last_fico_range_low_bin_High, int_rate_bin_Low (8-12%)","grade_B, home_ownership_MORTGAGE",0.052,0.462,3.159
755,"grade_B, dti_bin_Low (10-20)","loan_status_Fully Paid, int_rate_bin_Low (8-12%)",0.058,0.459,3.131
1134,"last_fico_range_low_bin_High, term_ 36 months, grade_A","fico_range_low_bin_High, home_ownership_MORTGAGE",0.051,0.458,2.626
753,"dti_bin_Low (10-20), int_rate_bin_Low (8-12%)","loan_status_Fully Paid, grade_B",0.058,0.458,3.046
63,int_rate_bin_Very Low (<8%),"dti_bin_Low (10-20), grade_A",0.077,0.458,5.227
779,"grade_B, home_ownership_MORTGAGE","loan_status_Fully Paid, int_rate_bin_Low (8-12%)",0.067,0.457,3.121
881,"term_ 36 months, int_rate_bin_Medium (12-16%)","fico_range_low_bin_Low, grade_C",0.089,0.457,3.317
378,"term_ 36 months, int_rate_bin_Very Low (<8%)","dti_bin_Low (10-20), grade_A",0.073,0.457,5.212
574,"fico_range_low_bin_High, grade_A","loan_status_Fully Paid, int_rate_bin_Very Low (<8%)",0.06,0.456,5.254
776,"loan_status_Fully Paid, int_rate_bin_Low (8-12%)","grade_B, home_ownership_MORTGAGE",0.067,0.456,3.121
315,grade_D,"term_ 36 months, int_rate_bin_High (16-20%)",0.065,0.455,5.024
777,"home_ownership_MORTGAGE, int_rate_bin_Low (8-12%)","loan_status_Fully Paid, grade_B",0.067,0.454,3.017
616,grade_A,"last_fico_range_low_bin_High, fico_range_low_bin_High, int_rate_bin_Very Low (<8%)",0.087,0.454,5.219
70,grade_A,"loan_status_Fully Paid, int_rate_bin_Very Low (<8%)",0.087,0.452,5.212
1117,"term_ 36 months, grade_A","last_fico_range_low_bin_High, fico_range_low_bin_High, int_rate_bin_Very Low (<8%)",0.081,0.45,5.17
527,"fico_range_low_bin_High, int_rate_bin_Very Low (<8%)","dti_bin_Low (10-20), grade_A",0.053,0.45,5.133
367,loan_status_Charged Off,"last_fico_range_low_bin_Low, home_ownership_RENT",0.053,0.45,2.867
327,grade_D,"fico_range_low_bin_Low, int_rate_bin_High (16-20%)",0.064,0.449,4.889
842,"term_ 36 months, int_rate_bin_Medium (12-16%)","loan_status_Fully Paid, grade_C",0.087,0.449,3.428
761,"grade_B, dti_bin_Low (10-20)","home_ownership_MORTGAGE, int_rate_bin_Low (8-12%)",0.057,0.449,3.048
67,int_rate_bin_Very Low (<8%),"loan_status_Current, grade_A",0.076,0.448,5.184
763,"dti_bin_Low (10-20), int_rate_bin_Low (8-12%)","grade_B, home_ownership_MORTGAGE",0.057,0.448,3.068
938,"grade_C, home_ownership_RENT","fico_range_low_bin_Low, int_rate_bin_Medium (12-16%)",0.054,0.448,3.25
184,grade_B,"home_ownership_MORTGAGE, int_rate_bin_Low (8-12%)",0.131,0.448,3.042
185,int_rate_bin_Low (8-12%),"grade_B, home_ownership_MORTGAGE",0.131,0.447,3.06
769,"loan_status_Current, int_rate_bin_Low (8-12%)","grade_B, home_ownership_MORTGAGE",0.054,0.447,3.057
181,grade_B,"loan_status_Fully Paid, int_rate_bin_Low (8-12%)",0.131,0.445,3.038
920,"grade_C, loan_status_Fully Paid","fico_range_low_bin_Low, int_rate_bin_Medium (12-16%)",0.058,0.445,3.224
180,int_rate_bin_Low (8-12%),"loan_status_Fully Paid, grade_B",0.131,0.444,2.954
778,"loan_status_Fully Paid, grade_B","home_ownership_MORTGAGE, int_rate_bin_Low (8-12%)",0.067,0.444,3.017
1043,"fico_range_low_bin_High, grade_A","term_ 36 months, loan_status_Fully Paid, int_rate_bin_Very Low (<8%)",0.058,0.444,5.226
114,"fico_range_low_bin_High, loan_status_Fully Paid",grade_A,0.066,0.444,2.317
396,grade_A,"term_ 36 months, loan_status_Fully Paid, int_rate_bin_Very Low (<8%)",0.085,0.443,5.215
1138,"term_ 36 months, fico_range_low_bin_High, home_ownership_MORTGAGE","last_fico_range_low_bin_High, grade_A",0.051,0.442,3.695
906,"grade_C, dti_bin_Low (10-20)","fico_range_low_bin_Low, int_rate_bin_Medium (12-16%)",0.05,0.441,3.2
946,"fico_range_low_bin_Low, grade_C","last_fico_range_low_bin_Low, int_rate_bin_Medium (12-16%)",0.061,0.441,3.627
947,"fico_range_low_bin_Low, int_rate_bin_Medium (12-16%)","last_fico_range_low_bin_Low, grade_C",0.061,0.441,3.697
939,"int_rate_bin_Medium (12-16%), home_ownership_RENT","grade_C, fico_range_low_bin_Low",0.054,0.44,3.19
980,"last_fico_range_low_bin_High, fico_range_low_bin_High","term_ 36 months, int_rate_bin_Very Low (<8%)",0.081,0.437,2.72
1121,"last_fico_range_low_bin_High, fico_range_low_bin_High","term_ 36 months, grade_A, int_rate_bin_Very Low (<8%)",0.081,0.437,2.722
120,"fico_range_low_bin_High, home_ownership_MORTGAGE",grade_A,0.076,0.435,2.273
1160,"fico_range_low_bin_High, grade_A, int_rate_bin_Very Low (<8%)","last_fico_range_low_bin_High, home_ownership_MORTGAGE",0.051,0.435,2.433
999,"fico_range_low_bin_High, int_rate_bin_Very Low (<8%)","last_fico_range_low_bin_High, home_ownership_MORTGAGE",0.051,0.435,2.432
1174,"fico_range_low_bin_High, int_rate_bin_Very Low (<8%)","last_fico_range_low_bin_High, home_ownership_MORTGAGE, grade_A",0.051,0.434,6.314
912,"loan_status_Fully Paid, grade_C","home_ownership_MORTGAGE, int_rate_bin_Medium (12-16%)",0.057,0.434,3.133
1203,"term_ 36 months, loan_status_Fully Paid, int_rate_bin_Low (8-12%)","grade_B, home_ownership_MORTGAGE",0.056,0.434,2.969
381,int_rate_bin_Very Low (<8%),"term_ 36 months, dti_bin_Low (10-20), grade_A",0.073,0.434,5.26
385,"term_ 36 months, int_rate_bin_Very Low (<8%)","loan_status_Current, grade_A",0.07,0.433,5.012
1168,"last_fico_range_low_bin_High, grade_A","fico_range_low_bin_High, home_ownership_MORTGAGE, int_rate_bin_Very Low (<8%)",0.051,0.43,6.241
469,"fico_range_low_bin_High, dti_bin_Low (10-20)","term_ 36 months, grade_A",0.055,0.43,2.377
492,"fico_range_low_bin_High, loan_status_Fully Paid","term_ 36 months, grade_A",0.064,0.429,2.371
1141,"last_fico_range_low_bin_High, grade_A","term_ 36 months, fico_range_low_bin_High, home_ownership_MORTGAGE",0.051,0.428,3.695
625,"fico_range_low_bin_High, grade_A","last_fico_range_low_bin_High, home_ownership_MORTGAGE",0.056,0.428,2.395
907,"int_rate_bin_Medium (12-16%), dti_bin_Low (10-20)","grade_C, fico_range_low_bin_Low",0.05,0.427,3.099
110,"fico_range_low_bin_High, loan_status_Current",grade_A,0.061,0.426,2.222
1124,grade_A,"last_fico_range_low_bin_High, term_ 36 months, fico_range_low_bin_High, int_rate_bin_Very Low (<8%)",0.081,0.425,5.22
1202,"term_ 36 months, loan_status_Fully Paid, grade_B","home_ownership_MORTGAGE, int_rate_bin_Low (8-12%)",0.056,0.423,2.876
922,"grade_C, fico_range_low_bin_Low","loan_status_Fully Paid, int_rate_bin_Medium (12-16%)",0.058,0.422,2.899
923,"fico_range_low_bin_Low, int_rate_bin_Medium (12-16%)","grade_C, loan_status_Fully Paid",0.058,0.422,3.224
535,"last_fico_range_low_bin_High, grade_A","loan_status_Current, int_rate_bin_Very Low (<8%)",0.05,0.422,5.556
1137,"last_fico_range_low_bin_High, term_ 36 months, home_ownership_MORTGAGE","fico_range_low_bin_High, grade_A",0.051,0.421,3.204
328,"last_fico_range_low_bin_High, term_ 36 months",int_rate_bin_Very Low (<8%),0.101,0.42,2.486
416,"last_fico_range_low_bin_High, term_ 36 months","grade_A, int_rate_bin_Very Low (<8%)",0.101,0.42,2.489
338,"fico_range_low_bin_High, dti_bin_Low (10-20)",int_rate_bin_Very Low (<8%),0.053,0.419,2.48
913,"grade_C, home_ownership_MORTGAGE","loan_status_Fully Paid, int_rate_bin_Medium (12-16%)",0.057,0.419,2.878
526,"fico_range_low_bin_High, dti_bin_Low (10-20)","grade_A, int_rate_bin_Very Low (<8%)",0.053,0.419,2.483
1135,"term_ 36 months, fico_range_low_bin_High, grade_A","last_fico_range_low_bin_High, home_ownership_MORTGAGE",0.051,0.417,2.336
546,"fico_range_low_bin_High, grade_A","loan_status_Current, int_rate_bin_Very Low (<8%)",0.055,0.417,5.491
664,"term_ 36 months, grade_B","home_ownership_MORTGAGE, int_rate_bin_Low (8-12%)",0.098,0.415,2.816
290,grade_C,"fico_range_low_bin_Low, int_rate_bin_Medium (12-16%)",0.119,0.413,2.999
2,fico_range_low_bin_High,grade_A,0.131,0.413,2.157
389,int_rate_bin_Very Low (<8%),"term_ 36 months, loan_status_Current, grade_A",0.07,0.412,5.226
665,"term_ 36 months, int_rate_bin_Low (8-12%)","grade_B, home_ownership_MORTGAGE",0.098,0.411,2.814
915,"home_ownership_MORTGAGE, int_rate_bin_Medium (12-16%)","loan_status_Fully Paid, grade_C",0.057,0.41,3.133
484,"last_fico_range_low_bin_High, term_ 36 months, loan_status_Fully Paid",grade_A,0.061,0.409,2.137
856,"term_ 36 months, grade_C","int_rate_bin_Medium (12-16%), home_ownership_RENT",0.076,0.409,3.347
600,"grade_A, int_rate_bin_Very Low (<8%)","fico_range_low_bin_High, home_ownership_MORTGAGE",0.069,0.408,2.34
323,grade_D,"last_fico_range_low_bin_Low, int_rate_bin_High (16-20%)",0.059,0.408,4.898
357,int_rate_bin_Very Low (<8%),"fico_range_low_bin_High, home_ownership_MORTGAGE",0.069,0.408,2.337
270,grade_C,"home_ownership_MORTGAGE, int_rate_bin_Medium (12-16%)",0.117,0.408,2.944
603,int_rate_bin_Very Low (<8%),"fico_range_low_bin_High, home_ownership_MORTGAGE, grade_A",0.069,0.408,5.366
291,int_rate_bin_Medium (12-16%),"grade_C, fico_range_low_bin_Low",0.119,0.406,2.945
266,grade_C,"loan_status_Fully Paid, int_rate_bin_Medium (12-16%)",0.117,0.406,2.787
523,"fico_range_low_bin_High, grade_A","dti_bin_Low (10-20), int_rate_bin_Very Low (<8%)",0.053,0.406,5.233
376,"term_ 36 months, grade_A","dti_bin_Low (10-20), int_rate_bin_Very Low (<8%)",0.073,0.405,5.226
62,grade_A,"dti_bin_Low (10-20), int_rate_bin_Very Low (<8%)",0.077,0.404,5.213
348,"fico_range_low_bin_High, loan_status_Fully Paid",int_rate_bin_Very Low (<8%),0.06,0.402,2.38
1190,"grade_B, dti_bin_Low (10-20)","term_ 36 months, loan_status_Fully Paid, int_rate_bin_Low (8-12%)",0.051,0.402,3.097
573,"fico_range_low_bin_High, loan_status_Fully Paid","grade_A, int_rate_bin_Very Low (<8%)",0.06,0.402,2.383
1191,"dti_bin_Low (10-20), int_rate_bin_Low (8-12%)","term_ 36 months, loan_status_Fully Paid, grade_B",0.051,0.402,3.019
864,"term_ 36 months, grade_C","last_fico_range_low_bin_Low, int_rate_bin_Medium (12-16%)",0.074,0.401,3.3
271,int_rate_bin_Medium (12-16%),"grade_C, home_ownership_MORTGAGE",0.117,0.4,2.953
504,"fico_range_low_bin_High, home_ownership_MORTGAGE","term_ 36 months, grade_A",0.07,0.4,2.21
921,"loan_status_Fully Paid, int_rate_bin_Medium (12-16%)","grade_C, fico_range_low_bin_Low",0.058,0.4,2.899
267,int_rate_bin_Medium (12-16%),"loan_status_Fully Paid, grade_C",0.117,0.399,3.045
1082,"term_ 36 months, grade_A, int_rate_bin_Very Low (<8%)","fico_range_low_bin_High, home_ownership_MORTGAGE",0.064,0.399,2.283
971,"term_ 36 months, int_rate_bin_Very Low (<8%)","fico_range_low_bin_High, home_ownership_MORTGAGE",0.064,0.398,2.281
1095,"term_ 36 months, int_rate_bin_Very Low (<8%)","fico_range_low_bin_High, home_ownership_MORTGAGE, grade_A",0.064,0.398,5.24
752,"loan_status_Fully Paid, int_rate_bin_Low (8-12%)","grade_B, dti_bin_Low (10-20)",0.058,0.397,3.131
123,grade_A,"fico_range_low_bin_High, home_ownership_MORTGAGE",0.076,0.397,2.273
514,"term_ 36 months, fico_range_low_bin_High","last_fico_range_low_bin_High, grade_A",0.089,0.396,3.31
66,grade_A,"loan_status_Current, int_rate_bin_Very Low (<8%)",0.076,0.396,5.213
108,"last_fico_range_low_bin_High, loan_status_Current",grade_A,0.056,0.395,2.065
354,"fico_range_low_bin_High, home_ownership_MORTGAGE",int_rate_bin_Very Low (<8%),0.069,0.395,2.337
595,"fico_range_low_bin_High, home_ownership_MORTGAGE","grade_A, int_rate_bin_Very Low (<8%)",0.069,0.395,2.34
314,int_rate_bin_High (16-20%),"term_ 36 months, grade_D",0.065,0.395,4.846
661,grade_B,"term_ 36 months, loan_status_Fully Paid, int_rate_bin_Low (8-12%)",0.115,0.393,3.026
1185,"term_ 36 months, loan_status_Fully Paid, int_rate_bin_Low (8-12%)","grade_B, dti_bin_Low (10-20)",0.051,0.393,3.097
660,int_rate_bin_Low (8-12%),"term_ 36 months, loan_status_Fully Paid, grade_B",0.115,0.393,2.948
1169,"fico_range_low_bin_High, grade_A","last_fico_range_low_bin_High, home_ownership_MORTGAGE, int_rate_bin_Very Low (<8%)",0.051,0.392,6.287
857,"term_ 36 months, int_rate_bin_Medium (12-16%)","grade_C, home_ownership_RENT",0.076,0.392,3.265
958,"fico_range_low_bin_High, loan_status_Fully Paid","term_ 36 months, int_rate_bin_Very Low (<8%)",0.058,0.392,2.438
1049,"fico_range_low_bin_High, loan_status_Fully Paid","term_ 36 months, grade_A, int_rate_bin_Very Low (<8%)",0.058,0.391,2.439
914,"loan_status_Fully Paid, int_rate_bin_Medium (12-16%)","grade_C, home_ownership_MORTGAGE",0.057,0.39,2.878
1142,"fico_range_low_bin_High, grade_A","last_fico_range_low_bin_High, term_ 36 months, home_ownership_MORTGAGE",0.051,0.39,3.204
936,"grade_C, fico_range_low_bin_Low","int_rate_bin_Medium (12-16%), home_ownership_RENT",0.054,0.39,3.19
937,"fico_range_low_bin_Low, int_rate_bin_Medium (12-16%)","grade_C, home_ownership_RENT",0.054,0.39,3.25
760,"grade_B, home_ownership_MORTGAGE","dti_bin_Low (10-20), int_rate_bin_Low (8-12%)",0.057,0.39,3.068
326,int_rate_bin_High (16-20%),"fico_range_low_bin_Low, grade_D",0.064,0.39,4.79
102,"last_fico_range_low_bin_High, dti_bin_Low (10-20)",grade_A,0.055,0.388,2.023
164,grade_B,"dti_bin_Low (10-20), int_rate_bin_Low (8-12%)",0.114,0.387,3.049
754,"loan_status_Fully Paid, grade_B","dti_bin_Low (10-20), int_rate_bin_Low (8-12%)",0.058,0.387,3.046
762,"home_ownership_MORTGAGE, int_rate_bin_Low (8-12%)","grade_B, dti_bin_Low (10-20)",0.057,0.387,3.048
165,int_rate_bin_Low (8-12%),"grade_B, dti_bin_Low (10-20)",0.114,0.387,3.047
58,fico_range_low_bin_High,"term_ 36 months, grade_A",0.123,0.386,2.134
503,"term_ 36 months, grade_A","fico_range_low_bin_High, home_ownership_MORTGAGE",0.07,0.386,2.21
1204,"grade_B, home_ownership_MORTGAGE","term_ 36 months, loan_status_Fully Paid, int_rate_bin_Low (8-12%)",0.056,0.386,2.969
118,"last_fico_range_low_bin_High, home_ownership_MORTGAGE",grade_A,0.069,0.385,2.011
929,"grade_C, home_ownership_MORTGAGE","fico_range_low_bin_Low, int_rate_bin_Medium (12-16%)",0.052,0.385,2.79
384,"term_ 36 months, grade_A","loan_status_Current, int_rate_bin_Very Low (<8%)",0.07,0.385,5.067
1207,"loan_status_Fully Paid, int_rate_bin_Low (8-12%)","term_ 36 months, grade_B, home_ownership_MORTGAGE",0.056,0.385,3.522
632,"term_ 36 months, grade_B","dti_bin_Low (10-20), int_rate_bin_Low (8-12%)",0.091,0.385,3.026
865,"term_ 36 months, int_rate_bin_Medium (12-16%)","last_fico_range_low_bin_Low, grade_C",0.074,0.384,3.22
1184,"term_ 36 months, loan_status_Fully Paid, grade_B","dti_bin_Low (10-20), int_rate_bin_Low (8-12%)",0.051,0.384,3.019
480,"fico_range_low_bin_High, loan_status_Current","term_ 36 months, grade_A",0.055,0.383,2.117
344,"fico_range_low_bin_High, loan_status_Current",int_rate_bin_Very Low (<8%),0.055,0.383,2.265
1205,"home_ownership_MORTGAGE, int_rate_bin_Low (8-12%)","term_ 36 months, loan_status_Fully Paid, grade_B",0.056,0.383,2.876
380,grade_A,"term_ 36 months, dti_bin_Low (10-20), int_rate_bin_Very Low (<8%)",0.073,0.383,5.216
545,"fico_range_low_bin_High, loan_status_Current","grade_A, int_rate_bin_Very Low (<8%)",0.055,0.383,2.267
633,"term_ 36 months, int_rate_bin_Low (8-12%)","grade_B, dti_bin_Low (10-20)",0.091,0.381,3.005
1139,"last_fico_range_low_bin_High, term_ 36 months, fico_range_low_bin_High","home_ownership_MORTGAGE, grade_A",0.051,0.38,3.542
897,"grade_C, home_ownership_MORTGAGE","term_ 60 months, int_rate_bin_Medium (12-16%)",0.052,0.38,3.849
1089,"grade_A, int_rate_bin_Very Low (<8%)","term_ 36 months, fico_range_low_bin_High, home_ownership_MORTGAGE",0.064,0.379,3.268
975,int_rate_bin_Very Low (<8%),"term_ 36 months, fico_range_low_bin_High, home_ownership_MORTGAGE",0.064,0.378,3.263
928,"fico_range_low_bin_Low, grade_C","home_ownership_MORTGAGE, int_rate_bin_Medium (12-16%)",0.052,0.378,2.731
930,"fico_range_low_bin_Low, int_rate_bin_Medium (12-16%)","grade_C, home_ownership_MORTGAGE",0.052,0.378,2.79
1098,int_rate_bin_Very Low (<8%),"term_ 36 months, fico_range_low_bin_High, home_ownership_MORTGAGE, grade_A",0.064,0.378,5.417
672,"term_ 36 months, grade_B","home_ownership_RENT, int_rate_bin_Low (8-12%)",0.089,0.378,3.325
888,"term_ 36 months, grade_C","int_rate_bin_Medium (12-16%), installment_bin_Low",0.07,0.377,3.646
931,"home_ownership_MORTGAGE, int_rate_bin_Medium (12-16%)","fico_range_low_bin_Low, grade_C",0.052,0.377,2.731
673,"term_ 36 months, int_rate_bin_Low (8-12%)","grade_B, home_ownership_RENT",0.089,0.375,3.272
786,"loan_status_Fully Paid, int_rate_bin_Low (8-12%)","last_fico_range_low_bin_High, grade_B",0.055,0.375,3.451
728,"term_ 36 months, grade_B","int_rate_bin_Low (8-12%), installment_bin_Low",0.089,0.375,3.42
1206,"loan_status_Fully Paid, grade_B","term_ 36 months, home_ownership_MORTGAGE, int_rate_bin_Low (8-12%)",0.056,0.375,3.371
46,fico_range_low_bin_High,int_rate_bin_Very Low (<8%),0.118,0.373,2.205
87,fico_range_low_bin_High,"grade_A, int_rate_bin_Very Low (<8%)",0.118,0.373,2.207
950,"last_fico_range_low_bin_High, term_ 36 months, loan_status_Fully Paid",int_rate_bin_Very Low (<8%),0.055,0.372,2.202
1019,"last_fico_range_low_bin_High, term_ 36 months, loan_status_Fully Paid","grade_A, int_rate_bin_Very Low (<8%)",0.055,0.372,2.205
899,"home_ownership_MORTGAGE, int_rate_bin_Medium (12-16%)","grade_C, term_ 60 months",0.052,0.372,3.655
729,"term_ 36 months, int_rate_bin_Low (8-12%)","grade_B, installment_bin_Low",0.089,0.372,3.419
176,grade_B,"loan_status_Current, int_rate_bin_Low (8-12%)",0.109,0.371,3.061
770,"grade_B, home_ownership_MORTGAGE","loan_status_Current, int_rate_bin_Low (8-12%)",0.054,0.371,3.057
177,int_rate_bin_Low (8-12%),"grade_B, loan_status_Current",0.109,0.371,3.187
1009,"fico_range_low_bin_High, loan_status_Fully Paid","last_fico_range_low_bin_High, home_ownership_MORTGAGE",0.055,0.369,2.068
589,"grade_A, int_rate_bin_Very Low (<8%)","last_fico_range_low_bin_High, home_ownership_MORTGAGE",0.062,0.369,2.067
353,int_rate_bin_Very Low (<8%),"last_fico_range_low_bin_High, home_ownership_MORTGAGE",0.062,0.369,2.064
591,int_rate_bin_Very Low (<8%),"last_fico_range_low_bin_High, home_ownership_MORTGAGE, grade_A",0.062,0.369,5.357
768,"home_ownership_MORTGAGE, int_rate_bin_Low (8-12%)","grade_B, loan_status_Current",0.054,0.368,3.165
511,"last_fico_range_low_bin_High, term_ 36 months","fico_range_low_bin_High, grade_A",0.089,0.367,2.795
972,"fico_range_low_bin_High, home_ownership_MORTGAGE","term_ 36 months, int_rate_bin_Very Low (<8%)",0.064,0.366,2.281
1093,"fico_range_low_bin_High, home_ownership_MORTGAGE","term_ 36 months, grade_A, int_rate_bin_Very Low (<8%)",0.064,0.366,2.283
787,"loan_status_Fully Paid, grade_B","last_fico_range_low_bin_High, int_rate_bin_Low (8-12%)",0.055,0.365,3.244
904,"grade_C, fico_range_low_bin_Low","int_rate_bin_Medium (12-16%), dti_bin_Low (10-20)",0.05,0.365,3.099
905,"fico_range_low_bin_Low, int_rate_bin_Medium (12-16%)","grade_C, dti_bin_Low (10-20)",0.05,0.365,3.2
507,grade_A,"term_ 36 months, fico_range_low_bin_High, home_ownership_MORTGAGE",0.07,0.365,3.145
982,"term_ 36 months, fico_range_low_bin_High","last_fico_range_low_bin_High, int_rate_bin_Very Low (<8%)",0.081,0.364,3.378
1123,"term_ 36 months, fico_range_low_bin_High","last_fico_range_low_bin_High, grade_A, int_rate_bin_Very Low (<8%)",0.081,0.364,3.38
388,grade_A,"term_ 36 months, loan_status_Current, int_rate_bin_Very Low (<8%)",0.07,0.364,5.217
1034,"term_ 36 months, grade_A, int_rate_bin_Very Low (<8%)","fico_range_low_bin_High, loan_status_Fully Paid",0.058,0.363,2.439
957,"term_ 36 months, int_rate_bin_Very Low (<8%)","fico_range_low_bin_High, loan_status_Fully Paid",0.058,0.363,2.438
1048,"term_ 36 months, int_rate_bin_Very Low (<8%)","fico_range_low_bin_High, loan_status_Fully Paid, grade_A",0.058,0.363,5.491
705,"term_ 36 months, grade_B","fico_range_low_bin_Low, int_rate_bin_Low (8-12%)",0.086,0.362,3.682
889,"term_ 36 months, int_rate_bin_Medium (12-16%)","grade_C, installment_bin_Low",0.07,0.361,3.571
1059,"term_ 36 months, grade_A, int_rate_bin_Very Low (<8%)","last_fico_range_low_bin_High, home_ownership_MORTGAGE",0.058,0.36,2.018
965,"term_ 36 months, int_rate_bin_Very Low (<8%)","last_fico_range_low_bin_High, home_ownership_MORTGAGE",0.058,0.36,2.016
1072,"term_ 36 months, int_rate_bin_Very Low (<8%)","last_fico_range_low_bin_High, home_ownership_MORTGAGE, grade_A",0.058,0.36,5.233
602,grade_A,"fico_range_low_bin_High, home_ownership_MORTGAGE, int_rate_bin_Very Low (<8%)",0.069,0.36,5.218
278,grade_C,"last_fico_range_low_bin_Low, int_rate_bin_Medium (12-16%)",0.103,0.36,2.96
704,"term_ 36 months, int_rate_bin_Low (8-12%)","fico_range_low_bin_Low, grade_B",0.086,0.36,3.539
119,grade_A,"last_fico_range_low_bin_High, home_ownership_MORTGAGE",0.069,0.359,2.011
274,grade_C,"int_rate_bin_Medium (12-16%), home_ownership_RENT",0.103,0.359,2.935
1005,"last_fico_range_low_bin_High, loan_status_Current","fico_range_low_bin_High, home_ownership_MORTGAGE",0.051,0.357,2.048
319,grade_D,"home_ownership_MORTGAGE, int_rate_bin_High (16-20%)",0.051,0.357,4.735
802,"grade_B, home_ownership_MORTGAGE","last_fico_range_low_bin_High, int_rate_bin_Low (8-12%)",0.052,0.356,3.159
578,"grade_A, int_rate_bin_Very Low (<8%)","fico_range_low_bin_High, loan_status_Fully Paid",0.06,0.355,2.383
351,int_rate_bin_Very Low (<8%),"fico_range_low_bin_High, loan_status_Fully Paid",0.06,0.354,2.38
342,"last_fico_range_low_bin_High, loan_status_Current",int_rate_bin_Very Low (<8%),0.05,0.354,2.096
581,int_rate_bin_Very Low (<8%),"fico_range_low_bin_High, loan_status_Fully Paid, grade_A",0.06,0.354,5.361
534,"last_fico_range_low_bin_High, loan_status_Current","grade_A, int_rate_bin_Very Low (<8%)",0.05,0.354,2.098
322,int_rate_bin_High (16-20%),"last_fico_range_low_bin_Low, grade_D",0.059,0.354,4.814
848,"term_ 36 months, grade_C","home_ownership_MORTGAGE, int_rate_bin_Medium (12-16%)",0.066,0.354,2.554
279,int_rate_bin_Medium (12-16%),"last_fico_range_low_bin_Low, grade_C",0.103,0.353,2.963
1091,"term_ 36 months, grade_A","fico_range_low_bin_High, home_ownership_MORTGAGE, int_rate_bin_Very Low (<8%)",0.064,0.353,5.123
491,"term_ 36 months, grade_A","fico_range_low_bin_High, loan_status_Fully Paid",0.064,0.353,2.371
803,"home_ownership_MORTGAGE, int_rate_bin_Low (8-12%)","last_fico_range_low_bin_High, grade_B",0.052,0.353,3.249
275,int_rate_bin_Medium (12-16%),"grade_C, home_ownership_RENT",0.103,0.353,2.938
332,fico_range_low_bin_High,"term_ 36 months, int_rate_bin_Very Low (<8%)",0.111,0.351,2.184
433,fico_range_low_bin_High,"term_ 36 months, grade_A, int_rate_bin_Very Low (<8%)",0.111,0.351,2.185
792,"loan_status_Fully Paid, int_rate_bin_Low (8-12%)","grade_B, installment_bin_Low",0.051,0.35,3.217
352,"last_fico_range_low_bin_High, home_ownership_MORTGAGE",int_rate_bin_Very Low (<8%),0.062,0.349,2.064
584,"last_fico_range_low_bin_High, home_ownership_MORTGAGE","grade_A, int_rate_bin_Very Low (<8%)",0.062,0.349,2.067
1189,"loan_status_Fully Paid, int_rate_bin_Low (8-12%)","term_ 36 months, grade_B, dti_bin_Low (10-20)",0.051,0.348,3.423
439,"term_ 36 months, int_rate_bin_Very Low (<8%)","grade_A, installment_bin_Low",0.056,0.348,5.301
188,grade_B,"home_ownership_RENT, int_rate_bin_Low (8-12%)",0.102,0.348,3.058
189,int_rate_bin_Low (8-12%),"grade_B, home_ownership_RENT",0.102,0.347,3.028
1042,"grade_A, int_rate_bin_Very Low (<8%)","term_ 36 months, fico_range_low_bin_High, loan_status_Fully Paid",0.058,0.345,2.944
117,grade_A,"fico_range_low_bin_High, loan_status_Fully Paid",0.066,0.345,2.317
961,int_rate_bin_Very Low (<8%),"loan_status_Fully Paid, term_ 36 months, fico_range_low_bin_High",0.058,0.345,2.939
1052,int_rate_bin_Very Low (<8%),"term_ 36 months, fico_range_low_bin_High, loan_status_Fully Paid, grade_A",0.058,0.345,5.394
97,int_rate_bin_Very Low (<8%),"installment_bin_Medium, grade_A",0.058,0.344,5.205
1026,"term_ 36 months, int_rate_bin_Very Low (<8%)","last_fico_range_low_bin_High, loan_status_Fully Paid, grade_A",0.055,0.344,5.487
254,grade_C,"int_rate_bin_Medium (12-16%), dti_bin_Low (10-20)",0.099,0.344,2.925
1066,"grade_A, int_rate_bin_Very Low (<8%)","last_fico_range_low_bin_High, term_ 36 months, home_ownership_MORTGAGE",0.058,0.343,2.815
92,int_rate_bin_Very Low (<8%),"grade_A, installment_bin_Low",0.058,0.342,5.212
967,int_rate_bin_Very Low (<8%),"last_fico_range_low_bin_High, term_ 36 months, home_ownership_MORTGAGE",0.058,0.342,2.811
810,"grade_B, home_ownership_MORTGAGE","fico_range_low_bin_High, int_rate_bin_Low (8-12%)",0.05,0.342,3.214
1075,int_rate_bin_Very Low (<8%),"last_fico_range_low_bin_High, term_ 36 months, home_ownership_MORTGAGE, grade_A",0.058,0.342,5.413
793,"loan_status_Fully Paid, grade_B","int_rate_bin_Low (8-12%), installment_bin_Low",0.051,0.341,3.11
364,"last_fico_range_low_bin_Low, home_ownership_RENT",loan_status_Charged Off,0.053,0.341,2.867
811,"home_ownership_MORTGAGE, int_rate_bin_Low (8-12%)","fico_range_low_bin_High, grade_B",0.05,0.34,3.4
1188,"loan_status_Fully Paid, grade_B","term_ 36 months, dti_bin_Low (10-20), int_rate_bin_Low (8-12%)",0.051,0.339,3.313
449,"term_ 36 months, int_rate_bin_Very Low (<8%)","installment_bin_Medium, grade_A",0.055,0.339,5.128
849,"term_ 36 months, int_rate_bin_Medium (12-16%)","grade_C, home_ownership_MORTGAGE",0.066,0.339,2.497
255,int_rate_bin_Medium (12-16%),"grade_C, dti_bin_Low (10-20)",0.099,0.338,2.966
979,"last_fico_range_low_bin_High, term_ 36 months","fico_range_low_bin_High, int_rate_bin_Very Low (<8%)",0.081,0.337,2.847
1122,"last_fico_range_low_bin_High, term_ 36 months","fico_range_low_bin_High, grade_A, int_rate_bin_Very Low (<8%)",0.081,0.337,2.848
216,grade_B,"int_rate_bin_Low (8-12%), installment_bin_Low",0.099,0.337,3.073
824,"term_ 36 months, grade_C","int_rate_bin_Medium (12-16%), dti_bin_Low (10-20)",0.062,0.337,2.858
217,int_rate_bin_Low (8-12%),"grade_B, installment_bin_Low",0.099,0.336,3.092
200,grade_B,"last_fico_range_low_bin_High, int_rate_bin_Low (8-12%)",0.099,0.336,2.984
569,int_rate_bin_Very Low (<8%),"last_fico_range_low_bin_High, loan_status_Fully Paid, grade_A",0.057,0.336,5.349
201,int_rate_bin_Low (8-12%),"last_fico_range_low_bin_High, grade_B",0.099,0.335,3.087
668,grade_B,"term_ 36 months, home_ownership_MORTGAGE, int_rate_bin_Low (8-12%)",0.098,0.334,3.007
1097,grade_A,"term_ 36 months, fico_range_low_bin_High, home_ownership_MORTGAGE, int_rate_bin_Very Low (<8%)",0.064,0.334,5.22
495,grade_A,"loan_status_Fully Paid, term_ 36 months, fico_range_low_bin_High",0.064,0.334,2.844
669,int_rate_bin_Low (8-12%),"term_ 36 months, grade_B, home_ownership_MORTGAGE",0.098,0.334,3.054
443,int_rate_bin_Very Low (<8%),"term_ 36 months, grade_A, installment_bin_Low",0.056,0.331,5.231
499,grade_A,"last_fico_range_low_bin_High, term_ 36 months, home_ownership_MORTGAGE",0.063,0.33,2.71
1020,"grade_A, int_rate_bin_Very Low (<8%)","last_fico_range_low_bin_High, term_ 36 months, loan_status_Fully Paid",0.055,0.328,2.205
953,int_rate_bin_Very Low (<8%),"last_fico_range_low_bin_High, term_ 36 months, loan_status_Fully Paid",0.055,0.327,2.202
1029,int_rate_bin_Very Low (<8%),"last_fico_range_low_bin_High, term_ 36 months, loan_status_Fully Paid, grade_A",0.055,0.327,5.377
409,"term_ 36 months, int_rate_bin_Very Low (<8%)","home_ownership_RENT, grade_A",0.052,0.326,5.236
648,"term_ 36 months, grade_B","loan_status_Current, int_rate_bin_Low (8-12%)",0.077,0.325,2.683
590,grade_A,"last_fico_range_low_bin_High, home_ownership_MORTGAGE, int_rate_bin_Very Low (<8%)",0.062,0.325,5.218
48,last_fico_range_low_bin_Low,loan_status_Charged Off,0.115,0.325,2.739
550,"grade_A, int_rate_bin_Very Low (<8%)","fico_range_low_bin_High, loan_status_Current",0.055,0.324,2.267
347,int_rate_bin_Very Low (<8%),"fico_range_low_bin_High, loan_status_Current",0.055,0.324,2.265
964,"last_fico_range_low_bin_High, home_ownership_MORTGAGE","term_ 36 months, int_rate_bin_Very Low (<8%)",0.058,0.324,2.016
553,int_rate_bin_Very Low (<8%),"fico_range_low_bin_High, loan_status_Current, grade_A",0.055,0.324,5.317
1070,"last_fico_range_low_bin_High, home_ownership_MORTGAGE","term_ 36 months, grade_A, int_rate_bin_Very Low (<8%)",0.058,0.324,2.018
262,grade_C,"int_rate_bin_Medium (12-16%), loan_status_Current",0.093,0.323,3.175
649,"term_ 36 months, int_rate_bin_Low (8-12%)","grade_B, loan_status_Current",0.077,0.323,2.776
451,int_rate_bin_Very Low (<8%),"installment_bin_Medium, term_ 36 months, grade_A",0.055,0.322,5.248
825,"term_ 36 months, int_rate_bin_Medium (12-16%)","grade_C, dti_bin_Low (10-20)",0.062,0.322,2.826
1045,"term_ 36 months, grade_A","fico_range_low_bin_High, loan_status_Fully Paid, int_rate_bin_Very Low (<8%)",0.058,0.322,5.374
624,"fico_range_low_bin_High, home_ownership_MORTGAGE","last_fico_range_low_bin_High, grade_A",0.056,0.322,2.691
1068,"term_ 36 months, grade_A","last_fico_range_low_bin_High, home_ownership_MORTGAGE, int_rate_bin_Very Low (<8%)",0.058,0.32,5.126
79,int_rate_bin_Very Low (<8%),"home_ownership_RENT, grade_A",0.054,0.319,5.122
113,grade_A,"fico_range_low_bin_High, loan_status_Current",0.061,0.318,2.222
487,grade_A,"last_fico_range_low_bin_High, term_ 36 months, loan_status_Fully Paid",0.061,0.318,2.137
263,int_rate_bin_Medium (12-16%),"grade_C, loan_status_Current",0.093,0.318,2.807
688,"term_ 36 months, grade_B","last_fico_range_low_bin_Medium, int_rate_bin_Low (8-12%)",0.075,0.317,3.191
525,"grade_A, int_rate_bin_Very Low (<8%)","fico_range_low_bin_High, dti_bin_Low (10-20)",0.053,0.316,2.483
341,int_rate_bin_Very Low (<8%),"fico_range_low_bin_High, dti_bin_Low (10-20)",0.053,0.315,2.48
531,int_rate_bin_Very Low (<8%),"fico_range_low_bin_High, dti_bin_Low (10-20), grade_A",0.053,0.315,5.359
689,"term_ 36 months, int_rate_bin_Low (8-12%)","grade_B, last_fico_range_low_bin_Medium",0.075,0.315,3.158
622,"last_fico_range_low_bin_High, home_ownership_MORTGAGE","fico_range_low_bin_High, grade_A",0.056,0.314,2.395
212,grade_B,"fico_range_low_bin_High, int_rate_bin_Low (8-12%)",0.092,0.314,2.945
213,int_rate_bin_Low (8-12%),"fico_range_low_bin_High, grade_B",0.092,0.313,3.133
580,grade_A,"fico_range_low_bin_High, loan_status_Fully Paid, int_rate_bin_Very Low (<8%)",0.06,0.313,5.218
502,"term_ 36 months, fico_range_low_bin_High","home_ownership_MORTGAGE, grade_A",0.07,0.312,2.906
101,int_rate_bin_Very Low (<8%),"installment_bin_High, grade_A",0.053,0.312,5.219
457,"term_ 36 months, int_rate_bin_Very Low (<8%)","installment_bin_High, grade_A",0.05,0.312,5.219
205,grade_B,"fico_range_low_bin_Low, int_rate_bin_Low (8-12%)",0.091,0.31,3.151
413,int_rate_bin_Very Low (<8%),"term_ 36 months, home_ownership_RENT, grade_A",0.052,0.31,5.142
636,grade_B,"term_ 36 months, dti_bin_Low (10-20), int_rate_bin_Low (8-12%)",0.091,0.31,3.026
204,int_rate_bin_Low (8-12%),"fico_range_low_bin_Low, grade_B",0.091,0.31,3.049
318,int_rate_bin_High (16-20%),"home_ownership_MORTGAGE, grade_D",0.051,0.31,4.805
637,int_rate_bin_Low (8-12%),"term_ 36 months, grade_B, dti_bin_Low (10-20)",0.091,0.309,3.04
438,"term_ 36 months, grade_A","int_rate_bin_Very Low (<8%), installment_bin_Low",0.056,0.309,5.328
884,grade_C,"term_ 36 months, fico_range_low_bin_Low, int_rate_bin_Medium (12-16%)",0.089,0.309,2.962
1008,"last_fico_range_low_bin_High, home_ownership_MORTGAGE","fico_range_low_bin_High, loan_status_Fully Paid",0.055,0.308,2.068
106,grade_A,"fico_range_low_bin_High, dti_bin_Low (10-20)",0.059,0.307,2.415
368,"last_fico_range_low_bin_Low, fico_range_low_bin_Low",loan_status_Charged Off,0.061,0.307,2.58
302,grade_C,"int_rate_bin_Medium (12-16%), installment_bin_Low",0.088,0.306,2.966
196,grade_B,"last_fico_range_low_bin_Medium, int_rate_bin_Low (8-12%)",0.09,0.306,3.078
990,"last_fico_range_low_bin_High, term_ 36 months","fico_range_low_bin_High, loan_status_Fully Paid",0.074,0.306,2.053
220,grade_B,"installment_bin_Medium, int_rate_bin_Low (8-12%)",0.09,0.306,3.045
1023,"term_ 36 months, grade_A","last_fico_range_low_bin_High, loan_status_Fully Paid, int_rate_bin_Very Low (<8%)",0.055,0.306,5.38
197,int_rate_bin_Low (8-12%),"grade_B, last_fico_range_low_bin_Medium",0.09,0.306,3.065
221,int_rate_bin_Low (8-12%),"installment_bin_Medium, grade_B",0.09,0.305,3.022
1167,"grade_A, int_rate_bin_Very Low (<8%)","last_fico_range_low_bin_High, fico_range_low_bin_High, home_ownership_MORTGAGE",0.051,0.305,2.861
676,grade_B,"term_ 36 months, home_ownership_RENT, int_rate_bin_Low (8-12%)",0.089,0.305,3.045
1003,int_rate_bin_Very Low (<8%),"last_fico_range_low_bin_High, fico_range_low_bin_High, home_ownership_MORTGAGE",0.051,0.305,2.856
1177,int_rate_bin_Very Low (<8%),"last_fico_range_low_bin_High, fico_range_low_bin_High, home_ownership_MORTGAGE, grade_A",0.051,0.305,5.42
1051,grade_A,"term_ 36 months, fico_range_low_bin_High, loan_status_Fully Paid, int_rate_bin_Very Low (<8%)",0.058,0.304,5.22
677,int_rate_bin_Low (8-12%),"term_ 36 months, grade_B, home_ownership_RENT",0.089,0.304,3.026
96,grade_A,"installment_bin_Medium, int_rate_bin_Very Low (<8%)",0.058,0.304,5.212
250,grade_C,"int_rate_bin_Medium (12-16%), term_ 60 months",0.087,0.303,3.071
885,int_rate_bin_Medium (12-16%),"term_ 36 months, grade_C, fico_range_low_bin_Low",0.089,0.303,2.951
844,grade_C,"term_ 36 months, loan_status_Fully Paid, int_rate_bin_Medium (12-16%)",0.087,0.303,2.726
479,"term_ 36 months, grade_A","fico_range_low_bin_High, loan_status_Current",0.055,0.303,2.117
466,"term_ 36 months, grade_A","fico_range_low_bin_High, dti_bin_Low (10-20)",0.055,0.302,2.377
93,grade_A,"installment_bin_Low, int_rate_bin_Very Low (<8%)",0.058,0.302,5.211
732,grade_B,"int_rate_bin_Low (8-12%), term_ 36 months, installment_bin_Low",0.089,0.302,3.066
1074,grade_A,"last_fico_range_low_bin_High, term_ 36 months, home_ownership_MORTGAGE, int_rate_bin_Very Low (<8%)",0.058,0.302,5.22
733,int_rate_bin_Low (8-12%),"term_ 36 months, grade_B, installment_bin_Low",0.089,0.302,3.09
621,"last_fico_range_low_bin_High, fico_range_low_bin_High","home_ownership_MORTGAGE, grade_A",0.056,0.301,2.807
448,"term_ 36 months, grade_A","installment_bin_Medium, int_rate_bin_Very Low (<8%)",0.055,0.301,5.163
303,int_rate_bin_Medium (12-16%),"grade_C, installment_bin_Low",0.088,0.301,2.98
128,fico_range_low_bin_High,"last_fico_range_low_bin_High, grade_A",0.095,0.3,2.509
561,int_rate_bin_Very Low (<8%),"loan_status_Fully Paid, home_ownership_MORTGAGE, grade_A",0.051,0.299,5.27
539,"grade_A, int_rate_bin_Very Low (<8%)","last_fico_range_low_bin_High, loan_status_Current",0.05,0.299,2.098
343,int_rate_bin_Very Low (<8%),"last_fico_range_low_bin_High, loan_status_Current",0.05,0.299,2.096
541,int_rate_bin_Very Low (<8%),"last_fico_range_low_bin_High, loan_status_Current, grade_A",0.05,0.298,5.297
698,"term_ 36 months, grade_B","last_fico_range_low_bin_High, int_rate_bin_Low (8-12%)",0.071,0.298,2.649
251,int_rate_bin_Medium (12-16%),"grade_C, term_ 60 months",0.087,0.298,2.925
845,int_rate_bin_Medium (12-16%),"loan_status_Fully Paid, term_ 36 months, grade_C",0.087,0.297,3.063
568,grade_A,"last_fico_range_low_bin_High, loan_status_Fully Paid, int_rate_bin_Very Low (<8%)",0.057,0.296,5.217
459,int_rate_bin_Very Low (<8%),"installment_bin_High, term_ 36 months, grade_A",0.05,0.296,5.253
699,"term_ 36 months, int_rate_bin_Low (8-12%)","last_fico_range_low_bin_High, grade_B",0.071,0.296,2.723
998,"fico_range_low_bin_High, home_ownership_MORTGAGE","last_fico_range_low_bin_High, int_rate_bin_Very Low (<8%)",0.051,0.295,2.738
1172,"fico_range_low_bin_High, home_ownership_MORTGAGE","last_fico_range_low_bin_High, grade_A, int_rate_bin_Very Low (<8%)",0.051,0.295,2.739
109,grade_A,"last_fico_range_low_bin_High, loan_status_Current",0.056,0.294,2.065
1145,"fico_range_low_bin_High, home_ownership_MORTGAGE","last_fico_range_low_bin_High, term_ 36 months, grade_A",0.051,0.294,2.626
629,grade_A,"last_fico_range_low_bin_High, fico_range_low_bin_High, home_ownership_MORTGAGE",0.056,0.293,2.751
709,grade_B,"term_ 36 months, fico_range_low_bin_Low, int_rate_bin_Low (8-12%)",0.086,0.292,3.167
442,grade_A,"term_ 36 months, int_rate_bin_Very Low (<8%), installment_bin_Low",0.056,0.292,5.214
1006,"fico_range_low_bin_High, home_ownership_MORTGAGE","last_fico_range_low_bin_High, loan_status_Current",0.051,0.292,2.048
708,int_rate_bin_Low (8-12%),"term_ 36 months, fico_range_low_bin_Low, grade_B",0.086,0.292,3.05
282,grade_C,"int_rate_bin_Medium (12-16%), last_fico_range_low_bin_Medium",0.084,0.291,2.988
738,"term_ 36 months, grade_B","installment_bin_Medium, int_rate_bin_Low (8-12%)",0.069,0.29,2.886
408,"term_ 36 months, grade_A","home_ownership_RENT, int_rate_bin_Very Low (<8%)",0.052,0.29,5.352
874,"term_ 36 months, grade_C","int_rate_bin_Medium (12-16%), last_fico_range_low_bin_Medium",0.054,0.289,2.964
1028,grade_A,"last_fico_range_low_bin_High, term_ 36 months, loan_status_Fully Paid, int_rate_bin_Very Low (<8%)",0.055,0.289,5.219
373,fico_range_low_bin_High,"last_fico_range_low_bin_High, loan_status_Current",0.092,0.289,2.026
996,"last_fico_range_low_bin_High, home_ownership_MORTGAGE","fico_range_low_bin_High, int_rate_bin_Very Low (<8%)",0.051,0.288,2.432
1171,"last_fico_range_low_bin_High, home_ownership_MORTGAGE","fico_range_low_bin_High, grade_A, int_rate_bin_Very Low (<8%)",0.051,0.288,2.433
739,"term_ 36 months, int_rate_bin_Low (8-12%)","installment_bin_Medium, grade_B",0.069,0.287,2.846
1144,"last_fico_range_low_bin_High, home_ownership_MORTGAGE","term_ 36 months, fico_range_low_bin_High, grade_A",0.051,0.287,2.336
127,last_fico_range_low_bin_High,"fico_range_low_bin_High, grade_A",0.095,0.286,2.18
483,grade_A,"term_ 36 months, fico_range_low_bin_High, loan_status_Current",0.055,0.286,3.121
103,grade_A,"last_fico_range_low_bin_High, dti_bin_Low (10-20)",0.055,0.286,2.023
283,int_rate_bin_Medium (12-16%),"grade_C, last_fico_range_low_bin_Medium",0.084,0.286,2.9
970,"term_ 36 months, fico_range_low_bin_High","home_ownership_MORTGAGE, int_rate_bin_Very Low (<8%)",0.064,0.286,2.994
1096,"term_ 36 months, fico_range_low_bin_High","home_ownership_MORTGAGE, grade_A, int_rate_bin_Very Low (<8%)",0.064,0.286,2.997
552,grade_A,"fico_range_low_bin_High, loan_status_Current, int_rate_bin_Very Low (<8%)",0.055,0.286,5.218
490,"term_ 36 months, fico_range_low_bin_High","loan_status_Fully Paid, grade_A",0.064,0.286,2.924
470,grade_A,"term_ 36 months, fico_range_low_bin_High, dti_bin_Low (10-20)",0.055,0.286,3.158
450,grade_A,"installment_bin_Medium, term_ 36 months, int_rate_bin_Very Low (<8%)",0.055,0.285,5.216
306,grade_C,"installment_bin_Medium, int_rate_bin_Medium (12-16%)",0.082,0.284,2.909
712,"term_ 36 months, grade_B","int_rate_bin_Low (8-12%), fico_range_low_bin_Medium",0.067,0.283,3.177
1143,"term_ 36 months, grade_A","last_fico_range_low_bin_High, fico_range_low_bin_High, home_ownership_MORTGAGE",0.051,0.283,2.655
334,"last_fico_range_low_bin_Low, term_ 36 months",loan_status_Charged Off,0.069,0.282,2.375
78,grade_A,"home_ownership_RENT, int_rate_bin_Very Low (<8%)",0.054,0.282,5.208
713,"term_ 36 months, int_rate_bin_Low (8-12%)","grade_B, fico_range_low_bin_Medium",0.067,0.281,3.051
680,"term_ 36 months, grade_B","last_fico_range_low_bin_Low, int_rate_bin_Low (8-12%)",0.066,0.28,3.418
307,int_rate_bin_Medium (12-16%),"installment_bin_Medium, grade_C",0.082,0.279,2.95
518,fico_range_low_bin_High,"last_fico_range_low_bin_High, term_ 36 months, grade_A",0.089,0.279,2.494
529,grade_A,"fico_range_low_bin_High, dti_bin_Low (10-20), int_rate_bin_Very Low (<8%)",0.053,0.278,5.218
681,"term_ 36 months, int_rate_bin_Low (8-12%)","last_fico_range_low_bin_Low, grade_B",0.066,0.278,3.263
258,grade_C,"dti_bin_Medium (20-30), int_rate_bin_Medium (12-16%)",0.08,0.278,2.974
834,"term_ 36 months, grade_C","dti_bin_Medium (20-30), int_rate_bin_Medium (12-16%)",0.051,0.277,2.968
875,"term_ 36 months, int_rate_bin_Medium (12-16%)","grade_C, last_fico_range_low_bin_Medium",0.054,0.277,2.804
456,"term_ 36 months, grade_A","installment_bin_High, int_rate_bin_Very Low (<8%)",0.05,0.277,5.241
995,"last_fico_range_low_bin_High, fico_range_low_bin_High","home_ownership_MORTGAGE, int_rate_bin_Very Low (<8%)",0.051,0.276,2.893
1175,"last_fico_range_low_bin_High, fico_range_low_bin_High","home_ownership_MORTGAGE, grade_A, int_rate_bin_Very Low (<8%)",0.051,0.276,2.897
100,grade_A,"installment_bin_High, int_rate_bin_Very Low (<8%)",0.053,0.275,5.213
1146,"last_fico_range_low_bin_High, fico_range_low_bin_High","term_ 36 months, home_ownership_MORTGAGE, grade_A",0.051,0.275,2.751
412,grade_A,"term_ 36 months, home_ownership_RENT, int_rate_bin_Very Low (<8%)",0.052,0.274,5.212
362,fico_range_low_bin_High,"last_fico_range_low_bin_High, int_rate_bin_Very Low (<8%)",0.087,0.274,2.54
615,fico_range_low_bin_High,"last_fico_range_low_bin_High, grade_A, int_rate_bin_Very Low (<8%)",0.087,0.274,2.541
208,grade_B,"int_rate_bin_Low (8-12%), fico_range_low_bin_Medium",0.08,0.273,3.068
209,int_rate_bin_Low (8-12%),"grade_B, fico_range_low_bin_Medium",0.08,0.273,2.966
259,int_rate_bin_Medium (12-16%),"dti_bin_Medium (20-30), grade_C",0.08,0.273,2.944
294,grade_C,"int_rate_bin_Medium (12-16%), fico_range_low_bin_Medium",0.078,0.272,2.888
310,grade_C,"installment_bin_High, int_rate_bin_Medium (12-16%)",0.078,0.272,2.965
1176,grade_A,"last_fico_range_low_bin_High, fico_range_low_bin_High, home_ownership_MORTGAGE, int_rate_bin_Very Low (<8%)",0.051,0.269,5.22
1149,grade_A,"last_fico_range_low_bin_High, term_ 36 months, fico_range_low_bin_High, home_ownership_MORTGAGE",0.051,0.267,3.657
295,int_rate_bin_Medium (12-16%),"grade_C, fico_range_low_bin_Medium",0.078,0.267,2.924
311,int_rate_bin_Medium (12-16%),"installment_bin_High, grade_C",0.078,0.267,2.906
463,grade_A,"last_fico_range_low_bin_High, term_ 36 months, dti_bin_Low (10-20)",0.051,0.266,2.575
517,last_fico_range_low_bin_High,"term_ 36 months, fico_range_low_bin_High, grade_A",0.089,0.266,2.165
832,"term_ 36 months, int_rate_bin_Medium (12-16%)","dti_bin_Medium (20-30), grade_C",0.051,0.265,2.864
860,grade_C,"term_ 36 months, int_rate_bin_Medium (12-16%), home_ownership_RENT",0.076,0.264,2.893
560,grade_A,"loan_status_Fully Paid, home_ownership_MORTGAGE, int_rate_bin_Very Low (<8%)",0.051,0.264,5.214
475,grade_A,"last_fico_range_low_bin_High, term_ 36 months, loan_status_Current",0.05,0.263,2.886
540,grade_A,"last_fico_range_low_bin_High, loan_status_Current, int_rate_bin_Very Low (<8%)",0.05,0.263,5.218
652,grade_B,"term_ 36 months, loan_status_Current, int_rate_bin_Low (8-12%)",0.077,0.262,3.018
653,int_rate_bin_Low (8-12%),"term_ 36 months, grade_B, loan_status_Current",0.077,0.262,3.22
497,"last_fico_range_low_bin_High, term_ 36 months","home_ownership_MORTGAGE, grade_A",0.063,0.262,2.438
458,grade_A,"installment_bin_High, term_ 36 months, int_rate_bin_Very Low (<8%)",0.05,0.261,5.217
361,last_fico_range_low_bin_High,"fico_range_low_bin_High, int_rate_bin_Very Low (<8%)",0.087,0.261,2.203
614,last_fico_range_low_bin_High,"fico_range_low_bin_High, grade_A, int_rate_bin_Very Low (<8%)",0.087,0.261,2.203
956,"term_ 36 months, fico_range_low_bin_High","loan_status_Fully Paid, int_rate_bin_Very Low (<8%)",0.058,0.261,3.001
1050,"term_ 36 months, fico_range_low_bin_High","loan_status_Fully Paid, grade_A, int_rate_bin_Very Low (<8%)",0.058,0.261,3.006
168,grade_B,"dti_bin_Medium (20-30), int_rate_bin_Low (8-12%)",0.076,0.26,3.065
169,int_rate_bin_Low (8-12%),"dti_bin_Medium (20-30), grade_B",0.076,0.26,3.043
861,int_rate_bin_Medium (12-16%),"term_ 36 months, grade_C, home_ownership_RENT",0.076,0.26,2.949
640,"term_ 36 months, grade_B","dti_bin_Medium (20-30), int_rate_bin_Low (8-12%)",0.061,0.259,3.053
868,grade_C,"last_fico_range_low_bin_Low, term_ 36 months, int_rate_bin_Medium (12-16%)",0.074,0.259,2.924
641,"term_ 36 months, int_rate_bin_Low (8-12%)","dti_bin_Medium (20-30), grade_B",0.061,0.257,3.012
986,fico_range_low_bin_High,"last_fico_range_low_bin_High, term_ 36 months, int_rate_bin_Very Low (<8%)",0.081,0.256,2.525
1127,fico_range_low_bin_High,"last_fico_range_low_bin_High, term_ 36 months, grade_A, int_rate_bin_Very Low (<8%)",0.081,0.256,2.526
692,grade_B,"term_ 36 months, last_fico_range_low_bin_Medium, int_rate_bin_Low (8-12%)",0.075,0.256,3.06
693,int_rate_bin_Low (8-12%),"term_ 36 months, grade_B, last_fico_range_low_bin_Medium",0.075,0.255,3.069
192,grade_B,"last_fico_range_low_bin_Low, int_rate_bin_Low (8-12%)",0.075,0.255,3.111
224,grade_B,"installment_bin_High, int_rate_bin_Low (8-12%)",0.075,0.255,3.03
193,int_rate_bin_Low (8-12%),"last_fico_range_low_bin_Low, grade_B",0.075,0.255,2.989
869,int_rate_bin_Medium (12-16%),"last_fico_range_low_bin_Low, term_ 36 months, grade_C",0.074,0.254,2.975
225,int_rate_bin_Low (8-12%),"installment_bin_High, grade_B",0.075,0.254,3.034
485,"last_fico_range_low_bin_High, term_ 36 months","loan_status_Fully Paid, grade_A",0.061,0.252,2.58
720,"term_ 36 months, grade_B","fico_range_low_bin_High, int_rate_bin_Low (8-12%)",0.059,0.25,2.351
721,"term_ 36 months, int_rate_bin_Low (8-12%)","fico_range_low_bin_High, grade_B",0.059,0.248,2.485
478,"term_ 36 months, fico_range_low_bin_High","loan_status_Current, grade_A",0.055,0.245,2.832
468,"term_ 36 months, fico_range_low_bin_High","dti_bin_Low (10-20), grade_A",0.055,0.244,2.791
985,last_fico_range_low_bin_High,"term_ 36 months, fico_range_low_bin_High, int_rate_bin_Very Low (<8%)",0.081,0.244,2.191
1126,last_fico_range_low_bin_High,"term_ 36 months, fico_range_low_bin_High, grade_A, int_rate_bin_Very Low (<8%)",0.081,0.244,2.191
892,grade_C,"term_ 36 months, int_rate_bin_Medium (12-16%), installment_bin_Low",0.07,0.243,2.939
700,grade_B,"last_fico_range_low_bin_High, term_ 36 months, int_rate_bin_Low (8-12%)",0.071,0.24,2.922
701,int_rate_bin_Low (8-12%),"last_fico_range_low_bin_High, term_ 36 months, grade_B",0.071,0.24,3.082
963,"last_fico_range_low_bin_High, term_ 36 months","home_ownership_MORTGAGE, int_rate_bin_Very Low (<8%)",0.058,0.24,2.51
1073,"last_fico_range_low_bin_High, term_ 36 months","home_ownership_MORTGAGE, grade_A, int_rate_bin_Very Low (<8%)",0.058,0.24,2.513
122,fico_range_low_bin_High,"home_ownership_MORTGAGE, grade_A",0.076,0.239,2.226
893,int_rate_bin_Medium (12-16%),"term_ 36 months, grade_C, installment_bin_Low",0.07,0.239,2.972
1208,"term_ 36 months, grade_B","loan_status_Fully Paid, home_ownership_MORTGAGE, int_rate_bin_Low (8-12%)",0.056,0.238,3.163
1209,"term_ 36 months, int_rate_bin_Low (8-12%)","loan_status_Fully Paid, home_ownership_MORTGAGE, grade_B",0.056,0.236,3.085
740,grade_B,"installment_bin_Medium, term_ 36 months, int_rate_bin_Low (8-12%)",0.069,0.234,3.022
232,"grade_C, int_rate_bin_Medium (12-16%)",sub_grade_C2,0.058,0.233,4.026
741,int_rate_bin_Low (8-12%),"installment_bin_Medium, term_ 36 months, grade_B",0.069,0.233,3.01
746,"term_ 36 months, grade_B","installment_bin_High, int_rate_bin_Low (8-12%)",0.055,0.231,2.752
238,"grade_C, int_rate_bin_Medium (12-16%)",sub_grade_C3,0.057,0.23,4.026
747,"term_ 36 months, int_rate_bin_Low (8-12%)","installment_bin_High, grade_B",0.055,0.23,2.739
951,"last_fico_range_low_bin_High, term_ 36 months","loan_status_Fully Paid, int_rate_bin_Very Low (<8%)",0.055,0.229,2.641
1027,"last_fico_range_low_bin_High, term_ 36 months","loan_status_Fully Paid, grade_A, int_rate_bin_Very Low (<8%)",0.055,0.229,2.644
1148,"term_ 36 months, fico_range_low_bin_High","last_fico_range_low_bin_High, home_ownership_MORTGAGE, grade_A",0.051,0.229,3.327
228,"grade_C, int_rate_bin_Medium (12-16%)",sub_grade_C1,0.057,0.229,3.545
852,grade_C,"term_ 36 months, home_ownership_MORTGAGE, int_rate_bin_Medium (12-16%)",0.066,0.228,2.851
716,grade_B,"term_ 36 months, int_rate_bin_Low (8-12%), fico_range_low_bin_Medium",0.067,0.228,3.051
717,int_rate_bin_Low (8-12%),"term_ 36 months, grade_B, fico_range_low_bin_Medium",0.067,0.228,2.946
781,grade_B,"loan_status_Fully Paid, home_ownership_MORTGAGE, int_rate_bin_Low (8-12%)",0.067,0.228,3.024
780,int_rate_bin_Low (8-12%),"loan_status_Fully Paid, home_ownership_MORTGAGE, grade_B",0.067,0.227,2.969
684,grade_B,"last_fico_range_low_bin_Low, term_ 36 months, int_rate_bin_Low (8-12%)",0.066,0.226,3.11
685,int_rate_bin_Low (8-12%),"last_fico_range_low_bin_Low, term_ 36 months, grade_B",0.066,0.226,2.986
16,grade_C,sub_grade_C1,0.065,0.224,3.478
853,int_rate_bin_Medium (12-16%),"term_ 36 months, grade_C, home_ownership_MORTGAGE",0.066,0.224,2.967
506,fico_range_low_bin_High,"term_ 36 months, home_ownership_MORTGAGE, grade_A",0.07,0.22,2.199
828,grade_C,"term_ 36 months, int_rate_bin_Medium (12-16%), dti_bin_Low (10-20)",0.062,0.217,2.84
356,fico_range_low_bin_High,"home_ownership_MORTGAGE, int_rate_bin_Very Low (<8%)",0.069,0.217,2.272
601,fico_range_low_bin_High,"home_ownership_MORTGAGE, grade_A, int_rate_bin_Very Low (<8%)",0.069,0.217,2.274
1192,"term_ 36 months, grade_B","loan_status_Fully Paid, dti_bin_Low (10-20), int_rate_bin_Low (8-12%)",0.051,0.216,3.298
1193,"term_ 36 months, int_rate_bin_Low (8-12%)","loan_status_Fully Paid, dti_bin_Low (10-20), grade_B",0.051,0.214,3.181
829,int_rate_bin_Medium (12-16%),"term_ 36 months, grade_C, dti_bin_Low (10-20)",0.062,0.213,2.975
138,"grade_B, int_rate_bin_Low (8-12%)",sub_grade_B2,0.056,0.213,3.796
1147,"last_fico_range_low_bin_High, term_ 36 months","fico_range_low_bin_High, home_ownership_MORTGAGE, grade_A",0.051,0.212,2.793
286,grade_C,"last_fico_range_low_bin_High, int_rate_bin_Medium (12-16%)",0.061,0.212,2.87
948,grade_C,"last_fico_range_low_bin_Low, fico_range_low_bin_Low, int_rate_bin_Medium (12-16%)",0.061,0.211,3.003
12,grade_B,sub_grade_B5,0.062,0.211,3.407
461,"last_fico_range_low_bin_High, term_ 36 months","dti_bin_Low (10-20), grade_A",0.051,0.211,2.413
10,grade_B,sub_grade_B4,0.062,0.211,3.407
130,"grade_B, int_rate_bin_Low (8-12%)",sub_grade_B1,0.055,0.21,3.797
473,"last_fico_range_low_bin_High, term_ 36 months","loan_status_Current, grade_A",0.05,0.209,2.417
644,grade_B,"term_ 36 months, dti_bin_Medium (20-30), int_rate_bin_Low (8-12%)",0.061,0.209,3.043
645,int_rate_bin_Low (8-12%),"term_ 36 months, grade_B, dti_bin_Medium (20-30)",0.061,0.209,3.037
116,fico_range_low_bin_High,"loan_status_Fully Paid, grade_A",0.066,0.208,2.128
287,int_rate_bin_Medium (12-16%),"last_fico_range_low_bin_High, grade_C",0.061,0.208,2.984
949,int_rate_bin_Medium (12-16%),"last_fico_range_low_bin_Low, grade_C, fico_range_low_bin_Low",0.061,0.208,2.952
143,"grade_B, int_rate_bin_Low (8-12%)",sub_grade_B3,0.054,0.205,3.525
924,grade_C,"fico_range_low_bin_Low, loan_status_Fully Paid, int_rate_bin_Medium (12-16%)",0.058,0.202,2.859
148,"grade_B, int_rate_bin_Low (8-12%)",sub_grade_B4,0.053,0.202,3.27
724,grade_B,"term_ 36 months, fico_range_low_bin_High, int_rate_bin_Low (8-12%)",0.059,0.202,2.823
18,grade_C,sub_grade_C2,0.058,0.202,3.478
235,grade_C,"int_rate_bin_Medium (12-16%), sub_grade_C2",0.058,0.201,3.478
725,int_rate_bin_Low (8-12%),"term_ 36 months, fico_range_low_bin_High, grade_B",0.059,0.201,3.165
974,fico_range_low_bin_High,"term_ 36 months, home_ownership_MORTGAGE, int_rate_bin_Very Low (<8%)",0.064,0.201,2.248
1099,fico_range_low_bin_High,"term_ 36 months, home_ownership_MORTGAGE, grade_A, int_rate_bin_Very Low (<8%)",0.064,0.201,2.249
494,fico_range_low_bin_High,"term_ 36 months, loan_status_Fully Paid, grade_A",0.064,0.201,2.112
925,int_rate_bin_Medium (12-16%),"grade_C, fico_range_low_bin_Low, loan_status_Fully Paid",0.058,0.199,3.043
20,grade_C,sub_grade_C3,0.057,0.199,3.478
241,grade_C,"int_rate_bin_Medium (12-16%), sub_grade_C3",0.057,0.198,3.478
757,grade_B,"loan_status_Fully Paid, dti_bin_Low (10-20), int_rate_bin_Low (8-12%)",0.058,0.198,3.033
8,grade_B,sub_grade_B3,0.058,0.198,3.407
756,int_rate_bin_Low (8-12%),"loan_status_Fully Paid, dti_bin_Low (10-20), grade_B",0.058,0.198,2.943
40,int_rate_bin_Medium (12-16%),sub_grade_C2,0.058,0.198,3.411
236,int_rate_bin_Medium (12-16%),"grade_C, sub_grade_C2",0.058,0.198,3.411
916,grade_C,"loan_status_Fully Paid, int_rate_bin_Medium (12-16%), home_ownership_MORTGAGE",0.057,0.198,2.794
230,grade_C,"int_rate_bin_Medium (12-16%), sub_grade_C1",0.057,0.197,3.478
336,last_fico_range_low_bin_Low,"term_ 36 months, loan_status_Charged Off",0.069,0.197,2.733
22,grade_C,sub_grade_C4,0.056,0.196,3.478
42,int_rate_bin_Medium (12-16%),sub_grade_C3,0.057,0.195,3.411
242,int_rate_bin_Medium (12-16%),"grade_C, sub_grade_C3",0.057,0.195,3.411
917,int_rate_bin_Medium (12-16%),"loan_status_Fully Paid, grade_C, home_ownership_MORTGAGE",0.057,0.194,3.037
764,grade_B,"home_ownership_MORTGAGE, dti_bin_Low (10-20), int_rate_bin_Low (8-12%)",0.057,0.194,3.033
231,int_rate_bin_Medium (12-16%),"grade_C, sub_grade_C1",0.057,0.194,3.003
39,int_rate_bin_Medium (12-16%),sub_grade_C1,0.057,0.194,3.003
765,int_rate_bin_Low (8-12%),"grade_B, home_ownership_MORTGAGE, dti_bin_Low (10-20)",0.057,0.194,3.051
1210,grade_B,"term_ 36 months, loan_status_Fully Paid, home_ownership_MORTGAGE, int_rate_bin_Low (8-12%)",0.056,0.192,3.007
1211,int_rate_bin_Low (8-12%),"term_ 36 months, loan_status_Fully Paid, home_ownership_MORTGAGE, grade_B",0.056,0.192,2.966
112,fico_range_low_bin_High,"loan_status_Current, grade_A",0.061,0.192,2.215
7,grade_B,sub_grade_B2,0.056,0.191,3.407
140,grade_B,"sub_grade_B2, int_rate_bin_Low (8-12%)",0.056,0.191,3.407
33,int_rate_bin_Low (8-12%),sub_grade_B2,0.056,0.19,3.4
141,int_rate_bin_Low (8-12%),"sub_grade_B2, grade_B",0.056,0.19,3.4
4,grade_B,sub_grade_B1,0.055,0.189,3.407
133,grade_B,"int_rate_bin_Low (8-12%), sub_grade_B1",0.055,0.189,3.407
989,fico_range_low_bin_High,"last_fico_range_low_bin_High, term_ 36 months, loan_status_Current",0.06,0.189,2.069
350,fico_range_low_bin_High,"loan_status_Fully Paid, int_rate_bin_Very Low (<8%)",0.06,0.189,2.171
30,int_rate_bin_Low (8-12%),sub_grade_B1,0.055,0.189,3.4
134,int_rate_bin_Low (8-12%),"grade_B, sub_grade_B1",0.055,0.189,3.4
579,fico_range_low_bin_High,"loan_status_Fully Paid, grade_A, int_rate_bin_Very Low (<8%)",0.06,0.188,2.174
789,grade_B,"last_fico_range_low_bin_High, loan_status_Fully Paid, int_rate_bin_Low (8-12%)",0.055,0.187,2.997
940,grade_C,"fico_range_low_bin_Low, int_rate_bin_Medium (12-16%), home_ownership_RENT",0.054,0.187,2.984
788,int_rate_bin_Low (8-12%),"last_fico_range_low_bin_High, loan_status_Fully Paid, grade_B",0.055,0.187,3.002
876,grade_C,"term_ 36 months, int_rate_bin_Medium (12-16%), last_fico_range_low_bin_Medium",0.054,0.187,2.918
748,grade_B,"installment_bin_High, term_ 36 months, int_rate_bin_Low (8-12%)",0.055,0.187,2.973
749,int_rate_bin_Low (8-12%),"installment_bin_High, term_ 36 months, grade_B",0.055,0.186,3.025
107,fico_range_low_bin_High,"dti_bin_Low (10-20), grade_A",0.059,0.185,2.112
773,grade_B,"home_ownership_MORTGAGE, loan_status_Current, int_rate_bin_Low (8-12%)",0.054,0.185,3.058
772,int_rate_bin_Low (8-12%),"grade_B, home_ownership_MORTGAGE, loan_status_Current",0.054,0.184,3.191
145,grade_B,"sub_grade_B3, int_rate_bin_Low (8-12%)",0.054,0.184,3.407
941,int_rate_bin_Medium (12-16%),"grade_C, fico_range_low_bin_Low, home_ownership_RENT",0.054,0.184,2.938
35,int_rate_bin_Low (8-12%),sub_grade_B3,0.054,0.184,3.157
147,int_rate_bin_Low (8-12%),"grade_B, sub_grade_B3",0.054,0.184,3.157
960,fico_range_low_bin_High,"term_ 36 months, loan_status_Fully Paid, int_rate_bin_Very Low (<8%)",0.058,0.183,2.16
1053,fico_range_low_bin_High,"term_ 36 months, loan_status_Fully Paid, grade_A, int_rate_bin_Very Low (<8%)",0.058,0.183,2.162
877,int_rate_bin_Medium (12-16%),"term_ 36 months, grade_C, last_fico_range_low_bin_Medium",0.054,0.183,2.911
151,grade_B,"sub_grade_B4, int_rate_bin_Low (8-12%)",0.053,0.181,3.407
932,grade_C,"fico_range_low_bin_Low, int_rate_bin_Medium (12-16%), home_ownership_MORTGAGE",0.052,0.181,3.001
152,int_rate_bin_Low (8-12%),"grade_B, sub_grade_B4",0.053,0.181,2.929
37,int_rate_bin_Low (8-12%),sub_grade_B4,0.053,0.181,2.929
25,grade_C,sub_grade_C5,0.052,0.18,3.478
900,grade_C,"term_ 60 months, home_ownership_MORTGAGE, int_rate_bin_Medium (12-16%)",0.052,0.179,3.071
837,grade_C,"term_ 36 months, int_rate_bin_Medium (12-16%), dti_bin_Medium (20-30)",0.051,0.179,2.913
933,int_rate_bin_Medium (12-16%),"fico_range_low_bin_Low, grade_C, home_ownership_MORTGAGE",0.052,0.178,2.949
820,grade_B,"last_fico_range_low_bin_High, fico_range_low_bin_High, int_rate_bin_Low (8-12%)",0.052,0.178,2.901
821,int_rate_bin_Low (8-12%),"last_fico_range_low_bin_High, fico_range_low_bin_High, grade_B",0.052,0.177,3.156
298,grade_C,"fico_range_low_bin_High, int_rate_bin_Medium (12-16%)",0.051,0.177,2.92
804,grade_B,"last_fico_range_low_bin_High, home_ownership_MORTGAGE, int_rate_bin_Low (8-12%)",0.052,0.177,2.976
628,fico_range_low_bin_High,"last_fico_range_low_bin_High, home_ownership_MORTGAGE, grade_A",0.056,0.177,2.568
805,int_rate_bin_Low (8-12%),"last_fico_range_low_bin_High, grade_B, home_ownership_MORTGAGE",0.052,0.177,3.098
901,int_rate_bin_Medium (12-16%),"grade_C, term_ 60 months, home_ownership_MORTGAGE",0.052,0.176,2.936
836,int_rate_bin_Medium (12-16%),"term_ 36 months, grade_C, dti_bin_Medium (20-30)",0.051,0.176,2.96
173,grade_B,"dti_bin_Very Low (<10), int_rate_bin_Low (8-12%)",0.051,0.175,3.031
160,grade_B,"term_ 60 months, int_rate_bin_Low (8-12%)",0.051,0.175,3.154
908,grade_C,"fico_range_low_bin_Low, int_rate_bin_Medium (12-16%), dti_bin_Low (10-20)",0.05,0.175,2.986
45,term_ 60 months,int_rate_bin_Very High (>20%),0.05,0.175,2.224
172,int_rate_bin_Low (8-12%),"dti_bin_Very Low (<10), grade_B",0.051,0.175,3.065
161,int_rate_bin_Low (8-12%),"grade_B, term_ 60 months",0.051,0.175,3.07
797,grade_B,"int_rate_bin_Low (8-12%), loan_status_Fully Paid, installment_bin_Low",0.051,0.175,3.072
796,int_rate_bin_Low (8-12%),"loan_status_Fully Paid, installment_bin_Low, grade_B",0.051,0.174,3.012
1194,grade_B,"term_ 36 months, loan_status_Fully Paid, dti_bin_Low (10-20), int_rate_bin_Low (8-12%)",0.051,0.174,3.019
299,int_rate_bin_Medium (12-16%),"fico_range_low_bin_High, grade_C",0.051,0.174,2.987
1195,int_rate_bin_Low (8-12%),"term_ 36 months, loan_status_Fully Paid, dti_bin_Low (10-20), grade_B",0.051,0.174,2.937
482,fico_range_low_bin_High,"term_ 36 months, loan_status_Current, grade_A",0.055,0.172,2.188
346,fico_range_low_bin_High,"loan_status_Current, int_rate_bin_Very Low (<8%)",0.055,0.172,2.27
551,fico_range_low_bin_High,"loan_status_Current, grade_A, int_rate_bin_Very Low (<8%)",0.055,0.172,2.272
370,last_fico_range_low_bin_Low,"fico_range_low_bin_Low, loan_status_Charged Off",0.061,0.172,2.779
471,fico_range_low_bin_High,"term_ 36 months, dti_bin_Low (10-20), grade_A",0.055,0.172,2.087
909,int_rate_bin_Medium (12-16%),"grade_C, fico_range_low_bin_Low, dti_bin_Low (10-20)",0.05,0.172,2.957
812,grade_B,"fico_range_low_bin_High, home_ownership_MORTGAGE, int_rate_bin_Low (8-12%)",0.05,0.17,2.944
813,int_rate_bin_Low (8-12%),"fico_range_low_bin_High, grade_B, home_ownership_MORTGAGE",0.05,0.17,3.13
627,last_fico_range_low_bin_High,"fico_range_low_bin_High, home_ownership_MORTGAGE, grade_A",0.056,0.169,2.218
340,fico_range_low_bin_High,"dti_bin_Low (10-20), int_rate_bin_Very Low (<8%)",0.053,0.168,2.163
530,fico_range_low_bin_High,"dti_bin_Low (10-20), grade_A, int_rate_bin_Very Low (<8%)",0.053,0.168,2.165
1002,fico_range_low_bin_High,"last_fico_range_low_bin_High, home_ownership_MORTGAGE, int_rate_bin_Very Low (<8%)",0.051,0.162,2.598
1179,fico_range_low_bin_High,"last_fico_range_low_bin_High, home_ownership_MORTGAGE, grade_A, int_rate_bin_Very Low (<8%)",0.051,0.162,2.599
1151,fico_range_low_bin_High,"last_fico_range_low_bin_High, term_ 36 months, home_ownership_MORTGAGE, grade_A",0.051,0.161,2.55
1007,fico_range_low_bin_High,"last_fico_range_low_bin_High, home_ownership_MORTGAGE, loan_status_Current",0.051,0.16,2.138
1001,last_fico_range_low_bin_High,"fico_range_low_bin_High, home_ownership_MORTGAGE, int_rate_bin_Very Low (<8%)",0.051,0.155,2.24
1178,last_fico_range_low_bin_High,"fico_range_low_bin_High, home_ownership_MORTGAGE, grade_A, int_rate_bin_Very Low (<8%)",0.051,0.154,2.241
1150,last_fico_range_low_bin_High,"term_ 36 months, fico_range_low_bin_High, home_ownership_MORTGAGE, grade_A",0.051,0.154,2.201
366,last_fico_range_low_bin_Low,"home_ownership_RENT, loan_status_Charged Off",0.053,0.152,2.763
